source,bin_index,z_min,z_center,z_max,dz,count,area_deg2,weighted_surface_density_deg2,dN_dz_deg2,dN_dz_deg2_std,cumulative_surface_density_deg2
COSMOS-Web/COSMOS2025 F150W,0,0.0,0.025,0.05,0.05,2714,0.54,5025.925925925925,100518.5185185185,1929.4838929823857,5025.925925925925
COSMOS-Web/COSMOS2025 F150W,1,0.05,0.07500000000000001,0.1,0.05,2566,0.54,4751.851851851851,95037.03703703702,1876.137058061324,9777.777777777777
COSMOS-Web/COSMOS2025 F150W,2,0.1,0.125,0.15000000000000002,0.05000000000000002,3742,0.54,6929.62962962963,138592.59259259255,2265.625517359573,16707.40740740741
COSMOS-Web/COSMOS2025 F150W,3,0.15000000000000002,0.17500000000000002,0.2,0.04999999999999999,3350,0.54,6203.7037037037035,124074.0740740741,2143.6735005167084,22911.111111111113
COSMOS-Web/COSMOS2025 F150W,4,0.2,0.225,0.25,0.04999999999999999,4069,0.54,7535.185185185184,150703.7037037037,2362.5449531580834,30446.2962962963
COSMOS-Web/COSMOS2025 F150W,5,0.25,0.275,0.30000000000000004,0.050000000000000044,3092,0.54,5725.925925925925,114518.51851851841,2059.4724110307898,36172.222222222226
COSMOS-Web/COSMOS2025 F150W,6,0.30000000000000004,0.32500000000000007,0.35000000000000003,0.04999999999999999,5700,0.54,10555.555555555555,211111.11111111115,2796.2349760262036,46727.77777777778
COSMOS-Web/COSMOS2025 F150W,7,0.35000000000000003,0.375,0.4,0.04999999999999999,3749,0.54,6942.592592592592,138851.85185185188,2267.7436318283903,53670.37037037037
COSMOS-Web/COSMOS2025 F150W,8,0.4,0.42500000000000004,0.45,0.04999999999999999,2828,0.54,5237.0370370370365,104740.74074074076,1969.590488934568,58907.40740740741
COSMOS-Web/COSMOS2025 F150W,9,0.45,0.475,0.5,0.04999999999999999,3080,0.54,5703.7037037037035,114074.07407407409,2055.472137112831,64611.11111111111
COSMOS-Web/COSMOS2025 F150W,10,0.5,0.525,0.55,0.050000000000000044,4161,0.54,7705.555555555555,154111.11111111095,2389.1042107955736,72316.66666666666
COSMOS-Web/COSMOS2025 F150W,11,0.55,0.5750000000000001,0.6000000000000001,0.050000000000000044,5257,0.54,9735.185185185184,194703.7037037035,2685.3767492332145,82051.85185185184
COSMOS-Web/COSMOS2025 F150W,12,0.6000000000000001,0.625,0.65,0.04999999999999993,4286,0.54,7937.0370370370365,158740.74074074093,2424.724044938212,89988.88888888888
COSMOS-Web/COSMOS2025 F150W,13,0.65,0.675,0.7000000000000001,0.050000000000000044,5986,0.54,11085.185185185184,221703.70370370348,2865.527575390323,101074.07407407406
COSMOS-Web/COSMOS2025 F150W,14,0.7000000000000001,0.7250000000000001,0.75,0.04999999999999993,8369,0.54,15498.148148148148,309962.9629629634,3388.2310634561254,116572.2222222222
COSMOS-Web/COSMOS2025 F150W,15,0.75,0.775,0.8,0.050000000000000044,4619,0.54,8553.703703703703,171074.0740740739,2517.1564944512857,125125.92592592591
COSMOS-Web/COSMOS2025 F150W,16,0.8,0.8250000000000001,0.8500000000000001,0.050000000000000044,4438,0.54,8218.518518518518,164370.37037037022,2467.3450296216965,133344.44444444444
COSMOS-Web/COSMOS2025 F150W,17,0.8500000000000001,0.875,0.9,0.04999999999999993,9016,0.54,16696.296296296296,333925.92592592636,3516.7636949538473,150040.74074074073
COSMOS-Web/COSMOS2025 F150W,18,0.9,0.925,0.9500000000000001,0.050000000000000044,6807,0.54,12605.555555555555,252111.11111111086,3055.7239010864128,162646.2962962963
COSMOS-Web/COSMOS2025 F150W,19,0.9500000000000001,0.9750000000000001,1.0,0.04999999999999993,7212,0.54,13355.555555555555,267111.1111111115,3145.314628972174,176001.85185185185
COSMOS-Web/COSMOS2025 F150W,20,1.0,1.025,1.05,0.050000000000000044,4893,0.54,9061.111111111111,181222.22222222207,2590.7400788922437,185062.96296296298
COSMOS-Web/COSMOS2025 F150W,21,1.05,1.0750000000000002,1.1,0.050000000000000044,5299,0.54,9812.962962962962,196259.25925925907,2696.082612615315,194875.92592592593
COSMOS-Web/COSMOS2025 F150W,22,1.1,1.125,1.1500000000000001,0.050000000000000044,4272,0.54,7911.11111111111,158222.22222222207,2420.7606871656553,202787.03703703705
COSMOS-Web/COSMOS2025 F150W,23,1.1500000000000001,1.1750000000000003,1.2000000000000002,0.050000000000000044,5277,0.54,9772.22222222222,195444.44444444423,2690.4800923946646,212559.25925925927
COSMOS-Web/COSMOS2025 F150W,24,1.2000000000000002,1.225,1.25,0.04999999999999982,4477,0.54,8290.74074074074,165814.8148148154,2478.1625123437275,220850.0
COSMOS-Web/COSMOS2025 F150W,25,1.25,1.275,1.3,0.050000000000000044,3664,0.54,6785.185185185184,135703.70370370356,2241.8882889513393,227635.1851851852
COSMOS-Web/COSMOS2025 F150W,26,1.3,1.3250000000000002,1.35,0.050000000000000044,3054,0.54,5655.555555555555,113111.111111111,2046.7780562441608,233290.74074074076
COSMOS-Web/COSMOS2025 F150W,27,1.35,1.375,1.4000000000000001,0.050000000000000044,3670,0.54,6796.296296296296,135925.92592592578,2243.7231453127324,240087.03703703705
COSMOS-Web/COSMOS2025 F150W,28,1.4000000000000001,1.4250000000000003,1.4500000000000002,0.050000000000000044,4325,0.54,8009.259259259259,160185.18518518505,2435.7308218455355,248096.29629629632
COSMOS-Web/COSMOS2025 F150W,29,1.4500000000000002,1.475,1.5,0.04999999999999982,2497,0.54,4624.074074074074,92481.48148148181,1850.7404072072636,252720.3703703704
COSMOS-Web/COSMOS2025 F150W,30,1.5,1.525,1.55,0.050000000000000044,4598,0.54,8514.814814814814,170296.29629629612,2511.4279271355067,261235.1851851852
COSMOS-Web/COSMOS2025 F150W,31,1.55,1.5750000000000002,1.6,0.050000000000000044,2610,0.54,4833.333333333333,96666.66666666657,1892.154040658487,266068.51851851854
COSMOS-Web/COSMOS2025 F150W,32,1.6,1.625,1.6500000000000001,0.050000000000000044,6530,0.54,12092.592592592591,241851.85185185162,2992.9042741980597,278161.1111111111
COSMOS-Web/COSMOS2025 F150W,33,1.6500000000000001,1.6750000000000003,1.7000000000000002,0.050000000000000044,5793,0.54,10727.777777777777,214555.55555555536,2818.954071568594,288888.8888888889
COSMOS-Web/COSMOS2025 F150W,34,1.7000000000000002,1.725,1.75,0.04999999999999982,3025,0.54,5601.851851851851,112037.03703703743,2037.0370370370442,294490.74074074073
COSMOS-Web/COSMOS2025 F150W,35,1.75,1.775,1.8,0.050000000000000044,3709,0.54,6868.518518518518,137370.37037037025,2255.613330160755,301359.25925925927
COSMOS-Web/COSMOS2025 F150W,36,1.8,1.8250000000000002,1.85,0.050000000000000044,3561,0.54,6594.444444444444,131888.88888888876,2210.152407086767,307953.7037037037
COSMOS-Web/COSMOS2025 F150W,37,1.85,1.875,1.9000000000000001,0.050000000000000044,3483,0.54,6450.0,128999.99999999988,2185.812841433998,314403.7037037037
COSMOS-Web/COSMOS2025 F150W,38,1.9000000000000001,1.9250000000000003,1.9500000000000002,0.050000000000000044,3990,0.54,7388.888888888889,147777.77777777764,2339.4980292375913,321792.5925925926
COSMOS-Web/COSMOS2025 F150W,39,1.9500000000000002,1.975,2.0,0.04999999999999982,3269,0.54,6053.7037037037035,121074.0740740745,2117.5988679885713,327846.2962962963
COSMOS-Web/COSMOS2025 F150W,40,2.0,2.0250000000000004,2.0500000000000003,0.050000000000000266,3147,0.54,5827.777777777777,116555.55555555492,2077.7084559638033,333674.07407407404
COSMOS-Web/COSMOS2025 F150W,41,2.0500000000000003,2.075,2.1,0.04999999999999982,3166,0.54,5862.962962962963,117259.25925925966,2083.9710957978145,339537.037037037
COSMOS-Web/COSMOS2025 F150W,42,2.1,2.125,2.15,0.04999999999999982,3189,0.54,5905.555555555555,118111.11111111152,2091.5270968141554,345442.5925925926
COSMOS-Web/COSMOS2025 F150W,43,2.15,2.175,2.2,0.050000000000000266,2942,0.54,5448.148148148148,108962.96296296238,2008.8965366400807,350890.74074074073
COSMOS-Web/COSMOS2025 F150W,44,2.2,2.225,2.25,0.04999999999999982,2437,0.54,4512.962962962963,90259.25925925958,1828.3696366218558,355403.7037037037
COSMOS-Web/COSMOS2025 F150W,45,2.25,2.2750000000000004,2.3000000000000003,0.050000000000000266,3110,0.54,5759.259259259259,115185.18518518457,2065.4582953479426,361162.962962963
COSMOS-Web/COSMOS2025 F150W,46,2.3000000000000003,2.325,2.35,0.04999999999999982,2855,0.54,5287.0370370370365,105740.74074074111,1978.9703714655693,366450.0
COSMOS-Web/COSMOS2025 F150W,47,2.35,2.375,2.4000000000000004,0.050000000000000266,2216,0.54,4103.7037037037035,82074.07407407364,1743.4966364355196,370553.7037037037
COSMOS-Web/COSMOS2025 F150W,48,2.4000000000000004,2.4250000000000003,2.45,0.04999999999999982,2133,0.54,3949.9999999999995,79000.00000000028,1710.5338131489673,374503.7037037037
COSMOS-Web/COSMOS2025 F150W,49,2.45,2.475,2.5,0.04999999999999982,2519,0.54,4664.814814814815,93296.29629629663,1858.8755690858738,379168.51851851854
COSMOS-Web/COSMOS2025 F150W,50,2.5,2.5250000000000004,2.5500000000000003,0.050000000000000266,1770,0.54,3277.7777777777774,65555.5555555552,1558.198812441668,382446.2962962963
COSMOS-Web/COSMOS2025 F150W,51,2.5500000000000003,2.575,2.6,0.04999999999999982,987,0.54,1827.7777777777776,36555.55555555568,1163.5761535114862,384274.07407407404
COSMOS-Web/COSMOS2025 F150W,52,2.6,2.625,2.6500000000000004,0.050000000000000266,951,0.54,1761.111111111111,35222.22222222204,1142.158810748829,386035.18518518517
COSMOS-Web/COSMOS2025 F150W,53,2.6500000000000004,2.6750000000000003,2.7,0.04999999999999982,1100,0.54,2037.037037037037,40740.74074074088,1228.3795519834857,388072.2222222222
COSMOS-Web/COSMOS2025 F150W,54,2.7,2.725,2.75,0.04999999999999982,1300,0.54,2407.4074074074074,48148.14814814832,1335.3893612829636,390479.6296296296
COSMOS-Web/COSMOS2025 F150W,55,2.75,2.7750000000000004,2.8000000000000003,0.050000000000000266,1395,0.54,2583.333333333333,51666.66666666639,1383.322177554296,393062.9629629629
COSMOS-Web/COSMOS2025 F150W,56,2.8000000000000003,2.825,2.85,0.04999999999999982,1399,0.54,2590.7407407407404,51814.81481481499,1385.304015501119,395653.70370370365
COSMOS-Web/COSMOS2025 F150W,57,2.85,2.875,2.9000000000000004,0.050000000000000266,1361,0.54,2520.37037037037,50407.40740740713,1366.3604996812307,398174.07407407404
COSMOS-Web/COSMOS2025 F150W,58,2.9000000000000004,2.9250000000000003,2.95,0.04999999999999982,1295,0.54,2398.148148148148,47962.96296296312,1332.8188307738253,400572.2222222222
COSMOS-Web/COSMOS2025 F150W,59,2.95,2.975,3.0,0.04999999999999982,1392,0.54,2577.777777777778,51555.55555555574,1381.8339337909404,403149.99999999994
COSMOS-Web/COSMOS2025 F150W,60,3.0,3.0250000000000004,3.0500000000000003,0.050000000000000266,1482,0.54,2744.4444444444443,54888.88888888859,1425.8056707348187,405894.4444444444
COSMOS-Web/COSMOS2025 F150W,61,3.0500000000000003,3.075,3.1,0.04999999999999982,1094,0.54,2025.9259259259259,40518.518518518664,1225.024845077132,407920.3703703703
COSMOS-Web/COSMOS2025 F150W,62,3.1,3.125,3.1500000000000004,0.050000000000000266,1012,0.54,1874.074074074074,37481.48148148128,1178.2202755990209,409794.4444444444
COSMOS-Web/COSMOS2025 F150W,63,3.1500000000000004,3.1750000000000003,3.2,0.04999999999999982,768,0.54,1422.2222222222222,28444.444444444543,1026.4004785593381,411216.6666666666
COSMOS-Web/COSMOS2025 F150W,64,3.2,3.225,3.25,0.04999999999999982,744,0.54,1377.7777777777776,27555.55555555565,1010.235681258215,412594.4444444444
COSMOS-Web/COSMOS2025 F150W,65,3.25,3.2750000000000004,3.3000000000000003,0.050000000000000266,698,0.54,1292.5925925925926,25851.851851851716,978.5070232313211,413887.03703703696
COSMOS-Web/COSMOS2025 F150W,66,3.3000000000000003,3.325,3.35,0.04999999999999982,576,0.54,1066.6666666666665,21333.333333333405,888.888888888892,414953.70370370365
COSMOS-Web/COSMOS2025 F150W,67,3.35,3.375,3.4000000000000004,0.050000000000000266,643,0.54,1190.7407407407406,23814.814814814687,939.1646172671036,416144.4444444444
COSMOS-Web/COSMOS2025 F150W,68,3.4000000000000004,3.4250000000000003,3.45,0.04999999999999982,879,0.54,1627.7777777777776,32555.555555555668,1098.071635583233,417772.22222222213
COSMOS-Web/COSMOS2025 F150W,69,3.45,3.475,3.5,0.04999999999999982,651,0.54,1205.5555555555554,24111.111111111193,944.9889497906013,418977.7777777777
COSMOS-Web/COSMOS2025 F150W,70,3.5,3.5250000000000004,3.5500000000000003,0.050000000000000266,483,0.54,894.4444444444443,17888.888888888792,813.972628734659,419872.22222222213
COSMOS-Web/COSMOS2025 F150W,71,3.5500000000000003,3.575,3.6,0.04999999999999982,403,0.54,746.2962962962962,14925.925925925976,743.513329625363,420618.5185185184
COSMOS-Web/COSMOS2025 F150W,72,3.6,3.625,3.6500000000000004,0.050000000000000266,372,0.54,688.8888888888888,13777.777777777703,714.3445008142891,421307.4074074073
COSMOS-Web/COSMOS2025 F150W,73,3.6500000000000004,3.6750000000000003,3.7,0.04999999999999982,397,0.54,735.1851851851851,14703.703703703753,737.9577350063461,422042.59259259247
COSMOS-Web/COSMOS2025 F150W,74,3.7,3.725,3.75,0.04999999999999982,359,0.54,664.8148148148148,13296.296296296343,701.7516785739438,422707.4074074073
COSMOS-Web/COSMOS2025 F150W,75,3.75,3.7750000000000004,3.8000000000000003,0.050000000000000266,280,0.54,518.5185185185185,10370.370370370314,619.7481678030156,423225.92592592584
COSMOS-Web/COSMOS2025 F150W,76,3.8000000000000003,3.825,3.85,0.04999999999999982,242,0.54,448.1481481481481,8962.962962962994,576.1610809668185,423674.074074074
COSMOS-Web/COSMOS2025 F150W,77,3.85,3.875,3.9000000000000004,0.050000000000000266,283,0.54,524.074074074074,10481.481481481425,623.0594015281715,424198.1481481481
COSMOS-Web/COSMOS2025 F150W,78,3.9000000000000004,3.9250000000000003,3.95,0.04999999999999982,337,0.54,624.074074074074,12481.481481481525,679.9096203957735,424822.2222222222
COSMOS-Web/COSMOS2025 F150W,79,3.95,3.975,4.0,0.04999999999999982,386,0.54,714.8148148148148,14296.296296296347,727.6623223847618,425537.037037037
COSMOS-Web/COSMOS2025 F150W,80,4.0,4.025,4.05,0.04999999999999982,347,0.54,642.5925925925925,12851.851851851896,689.9235559332304,426179.6296296296
COSMOS-Web/COSMOS2025 F150W,81,4.05,4.075,4.1000000000000005,0.05000000000000071,307,0.54,568.5185185185185,11370.370370370209,648.9413136272216,426748.14814814815
COSMOS-Web/COSMOS2025 F150W,82,4.1000000000000005,4.125,4.15,0.04999999999999982,338,0.54,625.9259259259259,12518.518518518562,680.9176411426037,427374.07407407404
COSMOS-Web/COSMOS2025 F150W,83,4.15,4.175000000000001,4.2,0.04999999999999982,277,0.54,512.9629629629629,10259.259259259296,616.4191472997518,427887.037037037
COSMOS-Web/COSMOS2025 F150W,84,4.2,4.225,4.25,0.04999999999999982,238,0.54,440.7407407407407,8814.814814814845,571.3795785385765,428327.77777777775
COSMOS-Web/COSMOS2025 F150W,85,4.25,4.275,4.3,0.04999999999999982,271,0.54,501.8518518518518,10037.037037037071,609.706579005718,428829.6296296296
COSMOS-Web/COSMOS2025 F150W,86,4.3,4.325,4.3500000000000005,0.05000000000000071,339,0.54,627.7777777777777,12555.555555555376,681.9241718341373,429457.40740740736
COSMOS-Web/COSMOS2025 F150W,87,4.3500000000000005,4.375,4.4,0.04999999999999982,330,0.54,611.1111111111111,12222.222222222264,672.811189799445,430068.5185185185
COSMOS-Web/COSMOS2025 F150W,88,4.4,4.425000000000001,4.45,0.04999999999999982,330,0.54,611.1111111111111,12222.222222222264,672.811189799445,430679.6296296296
COSMOS-Web/COSMOS2025 F150W,89,4.45,4.475,4.5,0.04999999999999982,261,0.54,483.3333333333333,9666.6666666667,598.3516452371691,431162.9629629629
COSMOS-Web/COSMOS2025 F150W,90,4.5,4.525,4.55,0.04999999999999982,244,0.54,451.85185185185185,9037.03703703707,578.5370130301245,431614.8148148148
COSMOS-Web/COSMOS2025 F150W,91,4.55,4.575,4.6000000000000005,0.05000000000000071,209,0.54,387.037037037037,7740.74074074063,535.4382331407687,432001.8518518518
COSMOS-Web/COSMOS2025 F150W,92,4.6000000000000005,4.625,4.65,0.04999999999999982,236,0.54,437.037037037037,8740.740740740772,568.9737591013803,432438.8888888888
COSMOS-Web/COSMOS2025 F150W,93,4.65,4.675000000000001,4.7,0.04999999999999982,265,0.54,490.7407407407407,9814.814814814848,602.9192813370282,432929.62962962955
COSMOS-Web/COSMOS2025 F150W,94,4.7,4.725,4.75,0.04999999999999982,223,0.54,412.96296296296293,8259.259259259288,553.0809082617826,433342.5925925925
COSMOS-Web/COSMOS2025 F150W,95,4.75,4.775,4.800000000000001,0.05000000000000071,199,0.54,368.5185185185185,7370.370370370265,522.4717029505808,433711.11111111107
COSMOS-Web/COSMOS2025 F150W,96,4.800000000000001,4.825000000000001,4.8500000000000005,0.04999999999999982,158,0.54,292.59259259259255,5851.851851851872,465.54833666579924,434003.70370370365
COSMOS-Web/COSMOS2025 F150W,97,4.8500000000000005,4.875,4.9,0.04999999999999982,139,0.54,257.4074074074074,5148.148148148166,436.6602267611717,434261.11111111107
COSMOS-Web/COSMOS2025 F150W,98,4.9,4.925000000000001,4.95,0.04999999999999982,92,0.54,170.37037037037035,3407.407407407419,355.2467795046471,434431.48148148146
COSMOS-Web/COSMOS2025 F150W,99,4.95,4.975,5.0,0.04999999999999982,84,0.54,155.55555555555554,3111.1111111111218,339.45005147821155,434587.037037037
COSMOS-Web/COSMOS2025 F150W,100,5.0,5.025,5.050000000000001,0.05000000000000071,76,0.54,140.74074074074073,2814.8148148147748,322.8814032252305,434727.77777777775
COSMOS-Web/COSMOS2025 F150W,101,5.050000000000001,5.075000000000001,5.1000000000000005,0.04999999999999982,48,0.54,88.88888888888889,1777.777777777784,256.60011963983453,434816.6666666666
COSMOS-Web/COSMOS2025 F150W,102,5.1000000000000005,5.125,5.15,0.04999999999999982,69,0.54,127.77777777777777,2555.5555555555643,307.65273566363345,434944.4444444444
COSMOS-Web/COSMOS2025 F150W,103,5.15,5.175000000000001,5.2,0.04999999999999982,90,0.54,166.66666666666666,3333.333333333345,351.36418446315446,435111.11111111107
COSMOS-Web/COSMOS2025 F150W,104,5.2,5.225,5.25,0.04999999999999982,70,0.54,129.62962962962962,2592.5925925926017,309.8740839015106,435240.7407407407
COSMOS-Web/COSMOS2025 F150W,105,5.25,5.275,5.300000000000001,0.05000000000000071,60,0.54,111.1111111111111,2222.2222222221903,286.8876552746194,435351.8518518518
COSMOS-Web/COSMOS2025 F150W,106,5.300000000000001,5.325000000000001,5.3500000000000005,0.04999999999999982,54,0.54,100.0,2000.000000000007,272.16552697590964,435451.8518518518
COSMOS-Web/COSMOS2025 F150W,107,5.3500000000000005,5.375,5.4,0.04999999999999982,44,0.54,81.48148148148148,1629.6296296296355,245.67591039669713,435533.33333333326
COSMOS-Web/COSMOS2025 F150W,108,5.4,5.425000000000001,5.45,0.04999999999999982,61,0.54,112.96296296296296,2259.2592592592673,289.26850651506226,435646.29629629623
COSMOS-Web/COSMOS2025 F150W,109,5.45,5.475,5.5,0.04999999999999982,58,0.54,107.4074074074074,2148.1481481481555,282.06567058755314,435753.70370370365
COSMOS-Web/COSMOS2025 F150W,110,5.5,5.525,5.550000000000001,0.05000000000000071,52,0.54,96.29629629629629,1925.9259259258984,267.07787225658797,435849.99999999994
COSMOS-Web/COSMOS2025 F150W,111,5.550000000000001,5.575000000000001,5.6000000000000005,0.04999999999999982,53,0.54,98.14814814814814,1962.9629629629696,269.6336996029831,435948.1481481481
COSMOS-Web/COSMOS2025 F150W,112,5.6000000000000005,5.625,5.65,0.04999999999999982,42,0.54,77.77777777777777,1555.5555555555609,240.02743327436605,436025.92592592584
COSMOS-Web/COSMOS2025 F150W,113,5.65,5.675000000000001,5.7,0.04999999999999982,31,0.54,57.407407407407405,1148.1481481481521,206.21349491963113,436083.33333333326
COSMOS-Web/COSMOS2025 F150W,114,5.7,5.725,5.75,0.04999999999999982,20,0.54,37.03703703703704,740.7407407407434,165.634664999985,436120.3703703703
COSMOS-Web/COSMOS2025 F150W,115,5.75,5.775,5.800000000000001,0.05000000000000071,27,0.54,50.0,999.9999999999858,192.45008972987253,436170.3703703703
COSMOS-Web/COSMOS2025 F150W,116,5.800000000000001,5.825000000000001,5.8500000000000005,0.04999999999999982,39,0.54,72.22222222222221,1444.4444444444493,231.29622216290446,436242.5925925925
COSMOS-Web/COSMOS2025 F150W,117,5.8500000000000005,5.875,5.9,0.04999999999999982,33,0.54,61.11111111111111,1222.2222222222265,212.76157950140922,436303.70370370365
COSMOS-Web/COSMOS2025 F150W,118,5.9,5.925000000000001,5.95,0.04999999999999982,23,0.54,42.59259259259259,851.8518518518548,177.62338975232356,436346.29629629623
COSMOS-Web/COSMOS2025 F150W,119,5.95,5.975,6.0,0.04999999999999982,44,0.54,81.48148148148148,1629.6296296296355,245.67591039669713,436427.7777777777
COSMOS-Web/COSMOS2025 F150W,120,6.0,6.025,6.050000000000001,0.05000000000000071,44,0.54,81.48148148148148,1629.6296296296064,245.67591039669279,436509.25925925915
COSMOS-Web/COSMOS2025 F150W,121,6.050000000000001,6.075000000000001,6.1000000000000005,0.04999999999999982,35,0.54,64.81481481481481,1296.2962962963009,219.1140660407273,436574.074074074
COSMOS-Web/COSMOS2025 F150W,122,6.1000000000000005,6.125,6.15,0.04999999999999982,39,0.54,72.22222222222221,1444.4444444444493,231.29622216290446,436646.29629629623
COSMOS-Web/COSMOS2025 F150W,123,6.15,6.175000000000001,6.2,0.04999999999999982,47,0.54,87.03703703703704,1740.740740740747,253.9131333481877,436733.33333333326
COSMOS-Web/COSMOS2025 F150W,124,6.2,6.225,6.25,0.04999999999999982,34,0.54,62.96296296296296,1259.2592592592637,215.96118129056745,436796.29629629623
COSMOS-Web/COSMOS2025 F150W,125,6.25,6.275,6.300000000000001,0.05000000000000071,42,0.54,77.77777777777777,1555.5555555555334,240.02743327436178,436874.074074074
COSMOS-Web/COSMOS2025 F150W,126,6.300000000000001,6.325000000000001,6.3500000000000005,0.04999999999999982,31,0.54,57.407407407407405,1148.1481481481521,206.21349491963113,436931.4814814814
COSMOS-Web/COSMOS2025 F150W,127,6.3500000000000005,6.375,6.4,0.04999999999999982,19,0.54,35.18518518518518,703.7037037037062,161.4407016126181,436966.66666666657
COSMOS-Web/COSMOS2025 F150W,128,6.4,6.425000000000001,6.45,0.04999999999999982,20,0.54,37.03703703703704,740.7407407407434,165.634664999985,437003.7037037036
COSMOS-Web/COSMOS2025 F150W,129,6.45,6.475,6.5,0.04999999999999982,11,0.54,20.37037037037037,407.40740740740887,122.83795519834857,437024.074074074
COSMOS-Web/COSMOS2025 F150W,130,6.5,6.525,6.550000000000001,0.05000000000000071,11,0.54,20.37037037037037,407.4074074074016,122.83795519834639,437044.4444444444
COSMOS-Web/COSMOS2025 F150W,131,6.550000000000001,6.575000000000001,6.6000000000000005,0.04999999999999982,19,0.54,35.18518518518518,703.7037037037062,161.4407016126181,437079.62962962955
COSMOS-Web/COSMOS2025 F150W,132,6.6000000000000005,6.625,6.65,0.04999999999999982,31,0.54,57.407407407407405,1148.1481481481521,206.21349491963113,437137.03703703696
COSMOS-Web/COSMOS2025 F150W,133,6.65,6.675000000000001,6.7,0.04999999999999982,36,0.54,66.66666666666666,1333.3333333333378,222.222222222223,437203.70370370365
COSMOS-Web/COSMOS2025 F150W,134,6.7,6.725,6.75,0.04999999999999982,32,0.54,59.25925925925925,1185.1851851851893,209.5131203515704,437262.9629629629
COSMOS-Web/COSMOS2025 F150W,135,6.75,6.775,6.800000000000001,0.05000000000000071,21,0.54,38.888888888888886,777.7777777777667,169.72502573910276,437301.8518518518
COSMOS-Web/COSMOS2025 F150W,136,6.800000000000001,6.825000000000001,6.8500000000000005,0.04999999999999982,11,0.54,20.37037037037037,407.40740740740887,122.83795519834857,437322.2222222222
COSMOS-Web/COSMOS2025 F150W,137,6.8500000000000005,6.875,6.9,0.04999999999999982,10,0.54,18.51851851851852,370.3703703703717,117.1213948210515,437340.74074074073
COSMOS-Web/COSMOS2025 F150W,138,6.9,6.925000000000001,6.95,0.04999999999999982,14,0.54,25.925925925925924,518.5185185185203,138.57990321385017,437366.6666666666
COSMOS-Web/COSMOS2025 F150W,139,6.95,6.975,7.0,0.04999999999999982,12,0.54,22.22222222222222,444.444444444446,128.30005981991727,437388.8888888889
COSMOS-Web/COSMOS2025 F150W,140,7.0,7.025,7.050000000000001,0.05000000000000071,9,0.54,16.666666666666664,333.33333333332854,111.11111111110952,437405.55555555556
COSMOS-Web/COSMOS2025 F150W,141,7.050000000000001,7.075000000000001,7.1000000000000005,0.04999999999999982,30,0.54,55.55555555555555,1111.111111111115,202.86020648339556,437461.1111111111
COSMOS-Web/COSMOS2025 F150W,142,7.1000000000000005,7.125,7.15,0.04999999999999982,18,0.54,33.33333333333333,666.6666666666689,157.13484026367777,437494.44444444444
COSMOS-Web/COSMOS2025 F150W,143,7.15,7.175000000000001,7.2,0.04999999999999982,21,0.54,38.888888888888886,777.7777777777804,169.72502573910577,437533.3333333333
COSMOS-Web/COSMOS2025 F150W,144,7.2,7.225,7.25,0.04999999999999982,16,0.54,29.629629629629626,592.5925925925947,148.14814814814866,437562.9629629629
COSMOS-Web/COSMOS2025 F150W,145,7.25,7.275,7.300000000000001,0.05000000000000071,13,0.54,24.074074074074073,481.4814814814746,133.53893612829398,437587.037037037
COSMOS-Web/COSMOS2025 F150W,146,7.300000000000001,7.325000000000001,7.3500000000000005,0.04999999999999982,18,0.54,33.33333333333333,666.6666666666689,157.13484026367777,437620.37037037034
COSMOS-Web/COSMOS2025 F150W,147,7.3500000000000005,7.375,7.4,0.04999999999999982,22,0.54,40.74074074074074,814.8148148148177,173.7191022156832,437661.11111111107
COSMOS-Web/COSMOS2025 F150W,148,7.4,7.425000000000001,7.45,0.04999999999999982,40,0.54,74.07407407407408,1481.4814814814868,234.242789642103,437735.18518518517
COSMOS-Web/COSMOS2025 F150W,149,7.45,7.475,7.5,0.04999999999999982,54,0.54,100.0,2000.000000000007,272.16552697590964,437835.18518518517
COSMOS-Web/COSMOS2025 F150W,150,7.5,7.525,7.550000000000001,0.05000000000000071,30,0.54,55.55555555555555,1111.1111111110952,202.86020648339198,437890.74074074073
COSMOS-Web/COSMOS2025 F150W,151,7.550000000000001,7.575000000000001,7.6000000000000005,0.04999999999999982,24,0.54,44.44444444444444,888.888888888892,181.4436846506064,437935.18518518517
COSMOS-Web/COSMOS2025 F150W,152,7.6000000000000005,7.625,7.65,0.04999999999999982,13,0.54,24.074074074074073,481.4814814814832,133.53893612829637,437959.25925925927
COSMOS-Web/COSMOS2025 F150W,153,7.65,7.675000000000001,7.7,0.04999999999999982,8,0.54,14.814814814814813,296.2962962962973,104.7565601757852,437974.0740740741
COSMOS-Web/COSMOS2025 F150W,154,7.7,7.725,7.75,0.04999999999999982,3,0.54,5.555555555555555,111.1111111111115,64.15002990995863,437979.62962962966
COSMOS-Web/COSMOS2025 F150W,155,7.75,7.775,7.800000000000001,0.05000000000000071,6,0.54,11.11111111111111,222.22222222221905,90.7218423253016,437990.7407407408
COSMOS-Web/COSMOS2025 F150W,156,7.800000000000001,7.825000000000001,7.8500000000000005,0.04999999999999982,8,0.54,14.814814814814813,296.2962962962973,104.7565601757852,438005.5555555556
COSMOS-Web/COSMOS2025 F150W,157,7.8500000000000005,7.875,7.9,0.04999999999999982,9,0.54,16.666666666666664,333.33333333333445,111.1111111111115,438022.2222222223
COSMOS-Web/COSMOS2025 F150W,158,7.9,7.925000000000001,7.95,0.04999999999999982,6,0.54,11.11111111111111,222.222222222223,90.7218423253032,438033.33333333343
COSMOS-Web/COSMOS2025 F150W,159,7.95,7.975,8.0,0.04999999999999982,14,0.54,25.925925925925924,518.5185185185203,138.57990321385017,438059.2592592593
