source,selection,sample_label,target_redshift,z_min,z_max,area_deg2,magnitude_limit,complete_for_magnitude_limit,bin_index,apparent_magnitude_min,apparent_magnitude_center,apparent_magnitude_max,count,surface_density_deg2_mag,surface_density_deg2_mag_std,log10_surface_density_deg2_mag,log10_surface_density_deg2_mag_std
COSMOS-Web/COSMOS2025 F150W,catalog_available,z1.00,1.0,0.75,1.25,0.54,26.0,True,0,16.0,16.125,16.25,0,0.0,0.0,nan,nan
COSMOS-Web/COSMOS2025 F150W,catalog_available,z1.00,1.0,0.75,1.25,0.54,26.0,True,1,16.25,16.375,16.5,0,0.0,0.0,nan,nan
COSMOS-Web/COSMOS2025 F150W,catalog_available,z1.00,1.0,0.75,1.25,0.54,26.0,True,2,16.5,16.625,16.75,0,0.0,0.0,nan,nan
COSMOS-Web/COSMOS2025 F150W,catalog_available,z1.00,1.0,0.75,1.25,0.54,26.0,True,3,16.75,16.875,17.0,0,0.0,0.0,nan,nan
COSMOS-Web/COSMOS2025 F150W,catalog_available,z1.00,1.0,0.75,1.25,0.54,26.0,True,4,17.0,17.125,17.25,0,0.0,0.0,nan,nan
COSMOS-Web/COSMOS2025 F150W,catalog_available,z1.00,1.0,0.75,1.25,0.54,26.0,True,5,17.25,17.375,17.5,0,0.0,0.0,nan,nan
COSMOS-Web/COSMOS2025 F150W,catalog_available,z1.00,1.0,0.75,1.25,0.54,26.0,True,6,17.5,17.625,17.75,0,0.0,0.0,nan,nan
COSMOS-Web/COSMOS2025 F150W,catalog_available,z1.00,1.0,0.75,1.25,0.54,26.0,True,7,17.75,17.875,18.0,0,0.0,0.0,nan,nan
COSMOS-Web/COSMOS2025 F150W,catalog_available,z1.00,1.0,0.75,1.25,0.54,26.0,True,8,18.0,18.125,18.25,0,0.0,0.0,nan,nan
COSMOS-Web/COSMOS2025 F150W,catalog_available,z1.00,1.0,0.75,1.25,0.54,26.0,True,9,18.25,18.375,18.5,2,14.814814814814813,10.475656017578482,1.170696227168975,0.3070925731856877
COSMOS-Web/COSMOS2025 F150W,catalog_available,z1.00,1.0,0.75,1.25,0.54,26.0,True,10,18.5,18.625,18.75,1,7.4074074074074066,7.4074074074074066,0.8696662315049938,0.43429448190325176
COSMOS-Web/COSMOS2025 F150W,catalog_available,z1.00,1.0,0.75,1.25,0.54,26.0,True,11,18.75,18.875,19.0,8,59.25925925925925,20.951312035156963,1.7727562184969374,0.15354628659284386
COSMOS-Web/COSMOS2025 F150W,catalog_available,z1.00,1.0,0.75,1.25,0.54,26.0,True,12,19.0,19.125,19.25,17,125.92592592592592,30.54152315272341,2.100115152883268,0.10533188361823556
COSMOS-Web/COSMOS2025 F150W,catalog_available,z1.00,1.0,0.75,1.25,0.54,26.0,True,13,19.25,19.375,19.5,38,281.48148148148147,45.66232594791834,2.449449828121804,0.07045186804359374
COSMOS-Web/COSMOS2025 F150W,catalog_available,z1.00,1.0,0.75,1.25,0.54,26.0,True,14,19.5,19.625,19.75,76,562.9629629629629,64.57628064504702,2.7504798237857853,0.04981699364088497
COSMOS-Web/COSMOS2025 F150W,catalog_available,z1.00,1.0,0.75,1.25,0.54,26.0,True,15,19.75,19.875,20.0,140,1037.037037037037,87.6456264162906,3.015794267183232,0.036704582918565
COSMOS-Web/COSMOS2025 F150W,catalog_available,z1.00,1.0,0.75,1.25,0.54,26.0,True,16,20.0,20.125,20.25,216,1600.0,108.86621079036347,3.2041199826559246,0.02954999663248194
COSMOS-Web/COSMOS2025 F150W,catalog_available,z1.00,1.0,0.75,1.25,0.54,26.0,True,17,20.25,20.375,20.5,338,2503.7037037037035,136.18352822852026,3.3985829317826486,0.023622505629668285
COSMOS-Web/COSMOS2025 F150W,catalog_available,z1.00,1.0,0.75,1.25,0.54,26.0,True,18,20.5,20.625,20.75,435,3222.222222222222,154.49373047862377,3.5081554884596313,0.020822826611021753
COSMOS-Web/COSMOS2025 F150W,catalog_available,z1.00,1.0,0.75,1.25,0.54,26.0,True,19,20.75,20.875,21.0,596,4414.814814814815,180.83786097383262,3.6449124912452304,0.01778939512402113
COSMOS-Web/COSMOS2025 F150W,catalog_available,z1.00,1.0,0.75,1.25,0.54,26.0,True,20,21.0,21.125,21.25,701,5192.592592592592,196.12151547961076,3.7153842494716525,0.016403076196812052
COSMOS-Web/COSMOS2025 F150W,catalog_available,z1.00,1.0,0.75,1.25,0.54,26.0,True,21,21.25,21.375,21.5,858,6355.555555555555,216.97508912410086,3.803153519353699,0.014826569147789678
COSMOS-Web/COSMOS2025 F150W,catalog_available,z1.00,1.0,0.75,1.25,0.54,26.0,True,22,21.5,21.625,21.75,1077,7977.777777777777,243.09391231736203,3.9018819348029754,0.01323355295728871
COSMOS-Web/COSMOS2025 F150W,catalog_available,z1.00,1.0,0.75,1.25,0.54,26.0,True,23,21.75,21.875,22.0,1197,8866.666666666666,256.2791687704621,3.9477603819114044,0.012552702498920737
COSMOS-Web/COSMOS2025 F150W,catalog_available,z1.00,1.0,0.75,1.25,0.54,26.0,True,24,22.0,22.125,22.25,1366,10118.518518518518,273.77360907520483,4.005116930850508,0.011750570747535454
COSMOS-Web/COSMOS2025 F150W,catalog_available,z1.00,1.0,0.75,1.25,0.54,26.0,True,25,22.25,22.375,22.5,1597,11829.62962962963,296.0183881879716,4.072971147643477,0.010867555160808177
COSMOS-Web/COSMOS2025 F150W,catalog_available,z1.00,1.0,0.75,1.25,0.54,26.0,True,26,22.5,22.625,22.75,1759,13029.62962962963,310.66988111867806,4.114932070962455,0.010355030718337948
COSMOS-Web/COSMOS2025 F150W,catalog_available,z1.00,1.0,0.75,1.25,0.54,26.0,True,27,22.75,22.875,23.0,2052,15199.999999999998,335.5481971231444,4.181843587944773,0.009587284896260937
COSMOS-Web/COSMOS2025 F150W,catalog_available,z1.00,1.0,0.75,1.25,0.54,26.0,True,28,23.0,23.125,23.25,2279,16881.48148148148,353.62128184533367,4.22741055668537,0.009097292293774768
COSMOS-Web/COSMOS2025 F150W,catalog_available,z1.00,1.0,0.75,1.25,0.54,26.0,True,29,23.25,23.375,23.5,2393,17725.925925925923,362.35777210770397,4.248608930118431,0.00887795546245416
COSMOS-Web/COSMOS2025 F150W,catalog_available,z1.00,1.0,0.75,1.25,0.54,26.0,True,30,23.5,23.625,23.75,2596,19229.629629629628,377.41449489946655,4.283970919633325,0.008523774803888318
COSMOS-Web/COSMOS2025 F150W,catalog_available,z1.00,1.0,0.75,1.25,0.54,26.0,True,31,23.75,23.875,24.0,2839,21029.629629629628,394.6834608816954,4.322831624030851,0.008150825867037253
COSMOS-Web/COSMOS2025 F150W,catalog_available,z1.00,1.0,0.75,1.25,0.54,26.0,True,32,24.0,24.125,24.25,3015,22333.333333333332,406.73344928273616,4.348953547981164,0.007909347431147842
COSMOS-Web/COSMOS2025 F150W,catalog_available,z1.00,1.0,0.75,1.25,0.54,26.0,True,33,24.25,24.375,24.5,3388,25096.296296296296,431.1594729142295,4.399609633163664,0.007461267499244451
COSMOS-Web/COSMOS2025 F150W,catalog_available,z1.00,1.0,0.75,1.25,0.54,26.0,True,34,24.5,24.625,24.75,3803,28170.37037037037,456.8034699418248,4.449792556916576,0.007042407455127264
COSMOS-Web/COSMOS2025 F150W,catalog_available,z1.00,1.0,0.75,1.25,0.54,26.0,True,35,24.75,24.875,25.0,4030,29851.85185185185,470.2391184623371,4.4749712776461035,0.006841192142341872
COSMOS-Web/COSMOS2025 F150W,catalog_available,z1.00,1.0,0.75,1.25,0.54,26.0,True,36,25.0,25.125,25.25,4266,31599.999999999996,483.8120234906054,4.4996870826184034,0.006649268736722037
COSMOS-Web/COSMOS2025 F150W,catalog_available,z1.00,1.0,0.75,1.25,0.54,26.0,True,37,25.25,25.375,25.5,4770,35333.33333333333,511.5939748098372,4.548184610545108,0.006288182270798024
COSMOS-Web/COSMOS2025 F150W,catalog_available,z1.00,1.0,0.75,1.25,0.54,26.0,True,38,25.5,25.625,25.75,5121,37933.33333333333,530.082686305625,4.5790210073393895,0.0060688572657729015
COSMOS-Web/COSMOS2025 F150W,catalog_available,z1.00,1.0,0.75,1.25,0.54,26.0,True,39,25.75,25.875,26.0,5336,39525.92592592592,541.0957738592496,4.596882052413487,0.005945335960216015
COSMOS-Web/COSMOS2025 F150W,catalog_available,z1.00,1.0,0.75,1.25,0.54,26.0,False,40,26.0,26.125,26.25,5717,42348.148148148146,560.0803391323238,4.6268344237192665,0.00574381198102772
COSMOS-Web/COSMOS2025 F150W,catalog_available,z1.00,1.0,0.75,1.25,0.54,26.0,False,41,26.25,26.375,26.5,6233,46170.370370370365,584.8100063133538,4.664363358396993,0.005500925304828956
COSMOS-Web/COSMOS2025 F150W,catalog_available,z1.00,1.0,0.75,1.25,0.54,26.0,False,42,26.5,26.625,26.75,6875,50925.92592592592,614.1897759917407,4.706938934007294,0.005237788527254108
COSMOS-Web/COSMOS2025 F150W,catalog_available,z1.00,1.0,0.75,1.25,0.54,26.0,False,43,26.75,26.875,27.0,7744,57362.962962962956,651.8518518518518,4.758631575805331,0.004935164567082408
COSMOS-Web/COSMOS2025 F150W,catalog_available,z1.00,1.0,0.75,1.25,0.54,26.0,False,44,27.0,27.125,27.25,8324,61659.259259259255,675.8219098048618,4.789998303044583,0.004760124103072052
COSMOS-Web/COSMOS2025 F150W,catalog_available,z1.00,1.0,0.75,1.25,0.54,26.0,False,45,27.25,27.375,27.5,8913,66022.22222222222,699.3236003041702,4.81969013802832,0.00460015386417258
COSMOS-Web/COSMOS2025 F150W,catalog_available,z1.00,1.0,0.75,1.25,0.54,26.0,False,46,27.5,27.625,27.75,8463,62688.88888888888,681.4412226433732,4.797190572380023,0.0047208710822736625
COSMOS-Web/COSMOS2025 F150W,catalog_available,z1.00,1.0,0.75,1.25,0.54,26.0,False,47,27.75,27.875,28.0,7403,54837.03703703704,637.3384299949458,4.739073980887196,0.005047547756176919
COSMOS-Web/COSMOS2025 F150W,catalog_available,z1.00,1.0,0.75,1.25,0.54,26.0,False,48,28.0,28.125,28.25,5852,43348.148148148146,566.6545629305267,4.636970548958267,0.005677173312801368
COSMOS-Web/COSMOS2025 F150W,catalog_available,z1.00,1.0,0.75,1.25,0.54,26.0,False,49,28.25,28.375,28.5,4324,32029.629629629628,487.0898436377361,4.505551916786267,0.006604523178354113
COSMOS-Web/COSMOS2025 F150W,catalog_available,z1.00,1.0,0.75,1.25,0.54,26.0,False,50,28.5,28.625,28.75,2869,21251.85185185185,396.76331083976527,4.327396779750992,0.008108098895125685
COSMOS-Web/COSMOS2025 F150W,catalog_available,z1.00,1.0,0.75,1.25,0.54,26.0,False,51,28.75,28.875,29.0,1741,12896.296296296296,309.076237704075,4.110465002622325,0.010408422809023649
COSMOS-Web/COSMOS2025 F150W,catalog_available,z1.00,1.0,0.75,1.25,0.54,26.0,False,52,29.0,29.125,29.25,1064,7881.481481481481,241.62231748592723,3.8966078594640234,0.013314151588806262
COSMOS-Web/COSMOS2025 F150W,catalog_available,z1.00,1.0,0.75,1.25,0.54,26.0,False,53,29.25,29.375,29.5,627,4644.444444444444,185.48124482294688,3.6669337723357103,0.01734405095953032
COSMOS-Web/COSMOS2025 F150W,catalog_available,z1.00,1.0,0.75,1.25,0.54,26.0,False,54,29.5,29.625,29.75,377,2792.5925925925926,143.8258358440563,3.446007581710787,0.02236730378354519
COSMOS-Web/COSMOS2025 F150W,catalog_available,z1.00,1.0,0.75,1.25,0.54,26.0,False,55,29.75,29.875,30.0,257,1903.7037037037035,118.74977438430665,3.2795993548362885,0.027090545467776915
COSMOS-Web/COSMOS2025 F150W,catalog_available,z2.00,2.0,1.75,2.25,0.54,26.0,True,0,16.0,16.125,16.25,0,0.0,0.0,nan,nan
COSMOS-Web/COSMOS2025 F150W,catalog_available,z2.00,2.0,1.75,2.25,0.54,26.0,True,1,16.25,16.375,16.5,0,0.0,0.0,nan,nan
COSMOS-Web/COSMOS2025 F150W,catalog_available,z2.00,2.0,1.75,2.25,0.54,26.0,True,2,16.5,16.625,16.75,0,0.0,0.0,nan,nan
COSMOS-Web/COSMOS2025 F150W,catalog_available,z2.00,2.0,1.75,2.25,0.54,26.0,True,3,16.75,16.875,17.0,0,0.0,0.0,nan,nan
COSMOS-Web/COSMOS2025 F150W,catalog_available,z2.00,2.0,1.75,2.25,0.54,26.0,True,4,17.0,17.125,17.25,0,0.0,0.0,nan,nan
COSMOS-Web/COSMOS2025 F150W,catalog_available,z2.00,2.0,1.75,2.25,0.54,26.0,True,5,17.25,17.375,17.5,0,0.0,0.0,nan,nan
COSMOS-Web/COSMOS2025 F150W,catalog_available,z2.00,2.0,1.75,2.25,0.54,26.0,True,6,17.5,17.625,17.75,0,0.0,0.0,nan,nan
COSMOS-Web/COSMOS2025 F150W,catalog_available,z2.00,2.0,1.75,2.25,0.54,26.0,True,7,17.75,17.875,18.0,0,0.0,0.0,nan,nan
COSMOS-Web/COSMOS2025 F150W,catalog_available,z2.00,2.0,1.75,2.25,0.54,26.0,True,8,18.0,18.125,18.25,0,0.0,0.0,nan,nan
COSMOS-Web/COSMOS2025 F150W,catalog_available,z2.00,2.0,1.75,2.25,0.54,26.0,True,9,18.25,18.375,18.5,0,0.0,0.0,nan,nan
COSMOS-Web/COSMOS2025 F150W,catalog_available,z2.00,2.0,1.75,2.25,0.54,26.0,True,10,18.5,18.625,18.75,0,0.0,0.0,nan,nan
COSMOS-Web/COSMOS2025 F150W,catalog_available,z2.00,2.0,1.75,2.25,0.54,26.0,True,11,18.75,18.875,19.0,0,0.0,0.0,nan,nan
COSMOS-Web/COSMOS2025 F150W,catalog_available,z2.00,2.0,1.75,2.25,0.54,26.0,True,12,19.0,19.125,19.25,0,0.0,0.0,nan,nan
COSMOS-Web/COSMOS2025 F150W,catalog_available,z2.00,2.0,1.75,2.25,0.54,26.0,True,13,19.25,19.375,19.5,0,0.0,0.0,nan,nan
COSMOS-Web/COSMOS2025 F150W,catalog_available,z2.00,2.0,1.75,2.25,0.54,26.0,True,14,19.5,19.625,19.75,0,0.0,0.0,nan,nan
COSMOS-Web/COSMOS2025 F150W,catalog_available,z2.00,2.0,1.75,2.25,0.54,26.0,True,15,19.75,19.875,20.0,1,7.4074074074074066,7.4074074074074066,0.8696662315049938,0.43429448190325176
COSMOS-Web/COSMOS2025 F150W,catalog_available,z2.00,2.0,1.75,2.25,0.54,26.0,True,16,20.0,20.125,20.25,0,0.0,0.0,nan,nan
COSMOS-Web/COSMOS2025 F150W,catalog_available,z2.00,2.0,1.75,2.25,0.54,26.0,True,17,20.25,20.375,20.5,2,14.814814814814813,10.475656017578482,1.170696227168975,0.3070925731856877
COSMOS-Web/COSMOS2025 F150W,catalog_available,z2.00,2.0,1.75,2.25,0.54,26.0,True,18,20.5,20.625,20.75,7,51.85185185185185,19.598157859737707,1.7147642715192506,0.16414788498337793
COSMOS-Web/COSMOS2025 F150W,catalog_available,z2.00,2.0,1.75,2.25,0.54,26.0,True,19,20.75,20.875,21.0,12,88.88888888888889,25.660011963983365,1.9488474775526188,0.12537001801720574
COSMOS-Web/COSMOS2025 F150W,catalog_available,z2.00,2.0,1.75,2.25,0.54,26.0,True,20,21.0,21.125,21.25,18,133.33333333333331,31.42696805273544,2.1249387366083,0.1023641910618959
COSMOS-Web/COSMOS2025 F150W,catalog_available,z2.00,2.0,1.75,2.25,0.54,26.0,True,21,21.25,21.375,21.5,45,333.3333333333333,49.69039949999532,2.5228787452803374,0.06474079891924821
COSMOS-Web/COSMOS2025 F150W,catalog_available,z2.00,2.0,1.75,2.25,0.54,26.0,True,22,21.5,21.625,21.75,62,459.25925925925924,58.32598425193934,2.662057921003248,0.055155454357194905
COSMOS-Web/COSMOS2025 F150W,catalog_available,z2.00,2.0,1.75,2.25,0.54,26.0,True,23,21.75,21.875,22.0,111,822.2222222222222,78.04187965076102,2.9149892102916515,0.04122140800096604
COSMOS-Web/COSMOS2025 F150W,catalog_available,z2.00,2.0,1.75,2.25,0.54,26.0,True,24,22.0,22.125,22.25,168,1244.4444444444443,96.01097330974608,3.0949755132308567,0.033506546713861426
COSMOS-Web/COSMOS2025 F150W,catalog_available,z2.00,2.0,1.75,2.25,0.54,26.0,True,25,22.25,22.375,22.5,287,2125.9259259259256,125.4894396007216,3.3275481282389863,0.02563559270391236
COSMOS-Web/COSMOS2025 F150W,catalog_available,z2.00,2.0,1.75,2.25,0.54,26.0,True,26,22.5,22.625,22.75,391,2896.296296296296,146.4719995058162,3.4618429889008606,0.021963215994184382
COSMOS-Web/COSMOS2025 F150W,catalog_available,z2.00,2.0,1.75,2.25,0.54,26.0,True,27,22.75,22.875,23.0,642,4755.555555555556,187.68680680473966,3.677201259573847,0.017140235997478062
COSMOS-Web/COSMOS2025 F150W,catalog_available,z2.00,2.0,1.75,2.25,0.54,26.0,True,28,23.0,23.125,23.25,782,5792.592592592592,207.14268820903055,3.762872984564842,0.015530338966152617
COSMOS-Web/COSMOS2025 F150W,catalog_available,z2.00,2.0,1.75,2.25,0.54,26.0,True,29,23.25,23.375,23.5,1121,8303.703703703703,248.00991174493637,3.919271844099967,0.012971240300890882
COSMOS-Web/COSMOS2025 F150W,catalog_available,z2.00,2.0,1.75,2.25,0.54,26.0,True,30,23.5,23.625,23.75,1421,10525.925925925925,279.2307677773446,4.022260309432464,0.011520922955064553
COSMOS-Web/COSMOS2025 F150W,catalog_available,z2.00,2.0,1.75,2.25,0.54,26.0,True,31,23.75,23.875,24.0,1729,12807.407407407407,308.0092279450635,4.107461224778916,0.010444479808962384
COSMOS-Web/COSMOS2025 F150W,catalog_available,z2.00,2.0,1.75,2.25,0.54,26.0,True,32,24.0,24.125,24.25,1976,14637.037037037036,329.2757151243388,4.165453171756603,0.009769916257053849
COSMOS-Web/COSMOS2025 F150W,catalog_available,z2.00,2.0,1.75,2.25,0.54,26.0,True,33,24.25,24.375,24.5,2289,16955.555555555555,354.39625818979806,4.229312024179537,0.009077398781460713
COSMOS-Web/COSMOS2025 F150W,catalog_available,z2.00,2.0,1.75,2.25,0.54,26.0,True,34,24.5,24.625,24.75,2630,19481.48148148148,379.8779675543136,4.2896219799947515,0.008468498931268907
COSMOS-Web/COSMOS2025 F150W,catalog_available,z2.00,2.0,1.75,2.25,0.54,26.0,True,35,24.75,24.875,25.0,2974,22029.629629629628,403.9584653166216,4.343007195690929,0.007963680522760764
COSMOS-Web/COSMOS2025 F150W,catalog_available,z2.00,2.0,1.75,2.25,0.54,26.0,True,36,25.0,25.125,25.25,3310,24518.51851851852,426.1674033671859,4.389494225280712,0.007548667816516565
COSMOS-Web/COSMOS2025 F150W,catalog_available,z2.00,2.0,1.75,2.25,0.54,26.0,True,37,25.25,25.375,25.5,3772,27940.740740740737,454.9378528232322,4.4462379155702845,0.007071287083021174
COSMOS-Web/COSMOS2025 F150W,catalog_available,z2.00,2.0,1.75,2.25,0.54,26.0,True,38,25.5,25.625,25.75,4277,31681.481481481478,484.4353833108875,4.500805481761805,0.006640712617356019
COSMOS-Web/COSMOS2025 F150W,catalog_available,z2.00,2.0,1.75,2.25,0.54,26.0,True,39,25.75,25.875,26.0,4866,36044.444444444445,516.716445232453,4.556838336099793,0.006225844352213512
COSMOS-Web/COSMOS2025 F150W,catalog_available,z2.00,2.0,1.75,2.25,0.54,26.0,False,40,26.0,26.125,26.25,5361,39711.11111111111,542.3618520884586,4.5989120387303,0.0059314572915825595
COSMOS-Web/COSMOS2025 F150W,catalog_available,z2.00,2.0,1.75,2.25,0.54,26.0,False,41,26.25,26.375,26.5,5815,43074.07407407407,564.8603503198925,4.634215950569461,0.005695206187554953
COSMOS-Web/COSMOS2025 F150W,catalog_available,z2.00,2.0,1.75,2.25,0.54,26.0,False,42,26.5,26.625,26.75,5970,44222.22222222222,572.3390747283513,4.645640562634363,0.005620787229621162
COSMOS-Web/COSMOS2025 F150W,catalog_available,z2.00,2.0,1.75,2.25,0.54,26.0,False,43,26.75,26.875,27.0,5848,43318.51851851852,566.4608679794121,4.6366735954547975,0.0056791145586480825
COSMOS-Web/COSMOS2025 F150W,catalog_available,z2.00,2.0,1.75,2.25,0.54,26.0,False,44,27.0,27.125,27.25,5271,39044.444444444445,537.7900212870119,4.591559247719951,0.0059818814684354975
COSMOS-Web/COSMOS2025 F150W,catalog_available,z2.00,2.0,1.75,2.25,0.54,26.0,False,45,27.25,27.375,27.5,4431,32822.22222222222,493.0796812042257,4.516167981536606,0.006524292695228463
COSMOS-Web/COSMOS2025 F150W,catalog_available,z2.00,2.0,1.75,2.25,0.54,26.0,False,46,27.5,27.625,27.75,3475,25740.740740740737,436.66022676117024,4.410621040431127,0.007367275435428734
COSMOS-Web/COSMOS2025 F150W,catalog_available,z2.00,2.0,1.75,2.25,0.54,26.0,False,47,27.75,27.875,28.0,2321,17192.59259259259,356.8648731983971,4.235341371960912,0.009014605818202332
COSMOS-Web/COSMOS2025 F150W,catalog_available,z2.00,2.0,1.75,2.25,0.54,26.0,False,48,28.0,28.125,28.25,1500,11111.11111111111,286.88765527462346,4.045757490560675,0.011213435305073818
COSMOS-Web/COSMOS2025 F150W,catalog_available,z2.00,2.0,1.75,2.25,0.54,26.0,False,49,28.25,28.375,28.5,943,6985.185185185184,227.4689264116161,3.8441779242423224,0.014142574166042348
COSMOS-Web/COSMOS2025 F150W,catalog_available,z2.00,2.0,1.75,2.25,0.54,26.0,False,50,28.5,28.625,28.75,639,4733.333333333333,187.2477727372524,3.675167089663394,0.01718042417925272
COSMOS-Web/COSMOS2025 F150W,catalog_available,z2.00,2.0,1.75,2.25,0.54,26.0,False,51,28.75,28.875,29.0,352,2607.4074074074074,138.97528177254605,3.416208894983125,0.02314797366276549
COSMOS-Web/COSMOS2025 F150W,catalog_available,z2.00,2.0,1.75,2.25,0.54,26.0,False,52,29.0,29.125,29.25,218,1614.8148148148148,109.36905970543259,3.2081227251095985,0.02941413385934518
COSMOS-Web/COSMOS2025 F150W,catalog_available,z2.00,2.0,1.75,2.25,0.54,26.0,False,53,29.25,29.375,29.5,156,1155.5555555555554,92.51848886516144,3.0627908298594555,0.034771386797452265
COSMOS-Web/COSMOS2025 F150W,catalog_available,z2.00,2.0,1.75,2.25,0.54,26.0,False,54,29.5,29.625,29.75,108,800.0,76.9800358919501,2.9030899869919438,0.04179000600573524
COSMOS-Web/COSMOS2025 F150W,catalog_available,z2.00,2.0,1.75,2.25,0.54,26.0,False,55,29.75,29.875,30.0,68,503.7037037037037,61.08304630544682,2.70217514421123,0.05266594180911778
COSMOS-Web/COSMOS2025 F150W,catalog_available,z3.00,3.0,2.75,3.25,0.54,26.0,True,0,16.0,16.125,16.25,0,0.0,0.0,nan,nan
COSMOS-Web/COSMOS2025 F150W,catalog_available,z3.00,3.0,2.75,3.25,0.54,26.0,True,1,16.25,16.375,16.5,0,0.0,0.0,nan,nan
COSMOS-Web/COSMOS2025 F150W,catalog_available,z3.00,3.0,2.75,3.25,0.54,26.0,True,2,16.5,16.625,16.75,0,0.0,0.0,nan,nan
COSMOS-Web/COSMOS2025 F150W,catalog_available,z3.00,3.0,2.75,3.25,0.54,26.0,True,3,16.75,16.875,17.0,0,0.0,0.0,nan,nan
COSMOS-Web/COSMOS2025 F150W,catalog_available,z3.00,3.0,2.75,3.25,0.54,26.0,True,4,17.0,17.125,17.25,0,0.0,0.0,nan,nan
COSMOS-Web/COSMOS2025 F150W,catalog_available,z3.00,3.0,2.75,3.25,0.54,26.0,True,5,17.25,17.375,17.5,0,0.0,0.0,nan,nan
COSMOS-Web/COSMOS2025 F150W,catalog_available,z3.00,3.0,2.75,3.25,0.54,26.0,True,6,17.5,17.625,17.75,0,0.0,0.0,nan,nan
COSMOS-Web/COSMOS2025 F150W,catalog_available,z3.00,3.0,2.75,3.25,0.54,26.0,True,7,17.75,17.875,18.0,0,0.0,0.0,nan,nan
COSMOS-Web/COSMOS2025 F150W,catalog_available,z3.00,3.0,2.75,3.25,0.54,26.0,True,8,18.0,18.125,18.25,0,0.0,0.0,nan,nan
COSMOS-Web/COSMOS2025 F150W,catalog_available,z3.00,3.0,2.75,3.25,0.54,26.0,True,9,18.25,18.375,18.5,0,0.0,0.0,nan,nan
COSMOS-Web/COSMOS2025 F150W,catalog_available,z3.00,3.0,2.75,3.25,0.54,26.0,True,10,18.5,18.625,18.75,0,0.0,0.0,nan,nan
COSMOS-Web/COSMOS2025 F150W,catalog_available,z3.00,3.0,2.75,3.25,0.54,26.0,True,11,18.75,18.875,19.0,0,0.0,0.0,nan,nan
COSMOS-Web/COSMOS2025 F150W,catalog_available,z3.00,3.0,2.75,3.25,0.54,26.0,True,12,19.0,19.125,19.25,0,0.0,0.0,nan,nan
COSMOS-Web/COSMOS2025 F150W,catalog_available,z3.00,3.0,2.75,3.25,0.54,26.0,True,13,19.25,19.375,19.5,0,0.0,0.0,nan,nan
COSMOS-Web/COSMOS2025 F150W,catalog_available,z3.00,3.0,2.75,3.25,0.54,26.0,True,14,19.5,19.625,19.75,0,0.0,0.0,nan,nan
COSMOS-Web/COSMOS2025 F150W,catalog_available,z3.00,3.0,2.75,3.25,0.54,26.0,True,15,19.75,19.875,20.0,0,0.0,0.0,nan,nan
COSMOS-Web/COSMOS2025 F150W,catalog_available,z3.00,3.0,2.75,3.25,0.54,26.0,True,16,20.0,20.125,20.25,0,0.0,0.0,nan,nan
COSMOS-Web/COSMOS2025 F150W,catalog_available,z3.00,3.0,2.75,3.25,0.54,26.0,True,17,20.25,20.375,20.5,0,0.0,0.0,nan,nan
COSMOS-Web/COSMOS2025 F150W,catalog_available,z3.00,3.0,2.75,3.25,0.54,26.0,True,18,20.5,20.625,20.75,0,0.0,0.0,nan,nan
COSMOS-Web/COSMOS2025 F150W,catalog_available,z3.00,3.0,2.75,3.25,0.54,26.0,True,19,20.75,20.875,21.0,0,0.0,0.0,nan,nan
COSMOS-Web/COSMOS2025 F150W,catalog_available,z3.00,3.0,2.75,3.25,0.54,26.0,True,20,21.0,21.125,21.25,0,0.0,0.0,nan,nan
COSMOS-Web/COSMOS2025 F150W,catalog_available,z3.00,3.0,2.75,3.25,0.54,26.0,True,21,21.25,21.375,21.5,0,0.0,0.0,nan,nan
COSMOS-Web/COSMOS2025 F150W,catalog_available,z3.00,3.0,2.75,3.25,0.54,26.0,True,22,21.5,21.625,21.75,0,0.0,0.0,nan,nan
COSMOS-Web/COSMOS2025 F150W,catalog_available,z3.00,3.0,2.75,3.25,0.54,26.0,True,23,21.75,21.875,22.0,2,14.814814814814813,10.475656017578482,1.170696227168975,0.3070925731856877
COSMOS-Web/COSMOS2025 F150W,catalog_available,z3.00,3.0,2.75,3.25,0.54,26.0,True,24,22.0,22.125,22.25,4,29.629629629629626,14.814814814814813,1.4717262228329562,0.21714724095162588
COSMOS-Web/COSMOS2025 F150W,catalog_available,z3.00,3.0,2.75,3.25,0.54,26.0,True,25,22.25,22.375,22.5,5,37.03703703703704,16.56346649999844,1.5686362358410126,0.19422239675774464
COSMOS-Web/COSMOS2025 F150W,catalog_available,z3.00,3.0,2.75,3.25,0.54,26.0,True,26,22.5,22.625,22.75,24,177.77777777777777,36.28873693012115,2.2498774732166,0.08864998989744581
COSMOS-Web/COSMOS2025 F150W,catalog_available,z3.00,3.0,2.75,3.25,0.54,26.0,True,27,22.75,22.875,23.0,46,340.7407407407407,50.239481356483466,2.5324240631865678,0.06403322795909303
COSMOS-Web/COSMOS2025 F150W,catalog_available,z3.00,3.0,2.75,3.25,0.54,26.0,True,28,23.0,23.125,23.25,96,711.1111111111111,72.5774738602423,2.8519374645445623,0.044324994948722905
COSMOS-Web/COSMOS2025 F150W,catalog_available,z3.00,3.0,2.75,3.25,0.54,26.0,True,29,23.25,23.375,23.5,183,1355.5555555555554,100.20555006273098,3.132117321235423,0.03210397188810795
COSMOS-Web/COSMOS2025 F150W,catalog_available,z3.00,3.0,2.75,3.25,0.54,26.0,True,30,23.5,23.625,23.75,331,2451.8518518518517,134.76596591600187,3.3894942252807128,0.023870983600202355
COSMOS-Web/COSMOS2025 F150W,catalog_available,z3.00,3.0,2.75,3.25,0.54,26.0,True,31,23.75,23.875,24.0,528,3911.111111111111,170.20926360112676,3.592300154038806,0.018900241351053077
COSMOS-Web/COSMOS2025 F150W,catalog_available,z3.00,3.0,2.75,3.25,0.54,26.0,True,32,24.0,24.125,24.25,637,4718.518518518518,186.95451057961424,3.6738056638403442,0.017207373880804854
COSMOS-Web/COSMOS2025 F150W,catalog_available,z3.00,3.0,2.75,3.25,0.54,26.0,True,33,24.25,24.375,24.5,885,6555.555555555555,220.3625893428669,3.8166095022028195,0.014598649307214826
COSMOS-Web/COSMOS2025 F150W,catalog_available,z3.00,3.0,2.75,3.25,0.54,26.0,True,34,24.5,24.625,24.75,1093,8096.296296296296,244.8929667380228,3.9082863934546967,0.01313633545747245
COSMOS-Web/COSMOS2025 F150W,catalog_available,z3.00,3.0,2.75,3.25,0.54,26.0,True,35,24.75,24.875,25.0,1284,9511.111111111111,265.42922766176173,3.9782312552378283,0.012119977104954506
COSMOS-Web/COSMOS2025 F150W,catalog_available,z3.00,3.0,2.75,3.25,0.54,26.0,True,36,25.0,25.125,25.25,1488,11022.22222222222,285.73780032571716,4.042269162714854,0.011258559975541224
COSMOS-Web/COSMOS2025 F150W,catalog_available,z3.00,3.0,2.75,3.25,0.54,26.0,True,37,25.25,25.375,25.5,1614,11955.555555555555,297.5897692829728,4.077569761891046,0.010810170557937844
COSMOS-Web/COSMOS2025 F150W,catalog_available,z3.00,3.0,2.75,3.25,0.54,26.0,True,38,25.5,25.625,25.75,1769,13103.703703703703,311.55171621945317,4.117394064414717,0.010325721203796217
COSMOS-Web/COSMOS2025 F150W,catalog_available,z3.00,3.0,2.75,3.25,0.54,26.0,True,39,25.75,25.875,26.0,1953,14466.666666666666,327.3537747256941,4.160368474792849,0.009827276819831969
COSMOS-Web/COSMOS2025 F150W,catalog_available,z3.00,3.0,2.75,3.25,0.54,26.0,False,40,26.0,26.125,26.25,2016,14933.333333333332,332.5917677132392,4.174156759278482,0.009672506882431334
COSMOS-Web/COSMOS2025 F150W,catalog_available,z3.00,3.0,2.75,3.25,0.54,26.0,False,41,26.25,26.375,26.5,2087,15459.25925925926,338.39774164445686,4.189188680570448,0.009506553284348745
COSMOS-Web/COSMOS2025 F150W,catalog_available,z3.00,3.0,2.75,3.25,0.54,26.0,False,42,26.5,26.625,26.75,1997,14792.592592592591,331.0207847630271,4.170044296375696,0.009718411381778671
COSMOS-Web/COSMOS2025 F150W,catalog_available,z3.00,3.0,2.75,3.25,0.54,26.0,False,43,26.75,26.875,27.0,2026,15007.407407407407,333.41562770153774,4.1763056725292556,0.009648606408833525
COSMOS-Web/COSMOS2025 F150W,catalog_available,z3.00,3.0,2.75,3.25,0.54,26.0,False,44,27.0,27.125,27.25,1832,13570.370370370369,317.0508823560399,4.132591700836826,0.010146624221135917
COSMOS-Web/COSMOS2025 F150W,catalog_available,z3.00,3.0,2.75,3.25,0.54,26.0,False,45,27.25,27.375,27.5,1576,11674.074074074073,294.06567764858085,4.0672224446585306,0.010939719956338245
COSMOS-Web/COSMOS2025 F150W,catalog_available,z3.00,3.0,2.75,3.25,0.54,26.0,False,46,27.5,27.625,27.75,1322,9792.592592592591,269.32828092885694,3.9908976866546153,0.011944516747931419
COSMOS-Web/COSMOS2025 F150W,catalog_available,z3.00,3.0,2.75,3.25,0.54,26.0,False,47,27.75,27.875,28.0,1085,8037.0370370370365,243.9950976592682,3.905095969689542,0.01318467540171134
COSMOS-Web/COSMOS2025 F150W,catalog_available,z3.00,3.0,2.75,3.25,0.54,26.0,False,48,28.0,28.125,28.25,812,6014.814814814815,211.07861998185194,3.7792222607461694,0.015240748506518088
COSMOS-Web/COSMOS2025 F150W,catalog_available,z3.00,3.0,2.75,3.25,0.54,26.0,False,49,28.25,28.375,28.5,645,4777.777777777777,188.1248162844488,3.6792259461402614,0.01710032852540912
COSMOS-Web/COSMOS2025 F150W,catalog_available,z3.00,3.0,2.75,3.25,0.54,26.0,False,50,28.5,28.625,28.75,480,3555.555555555555,162.28816518671587,3.550907468880581,0.019822740361535845
COSMOS-Web/COSMOS2025 F150W,catalog_available,z3.00,3.0,2.75,3.25,0.54,26.0,False,51,28.75,28.875,29.0,310,2296.296296296296,130.42086564191857,3.3610279253392665,0.02466626905451496
COSMOS-Web/COSMOS2025 F150W,catalog_available,z3.00,3.0,2.75,3.25,0.54,26.0,False,52,29.0,29.125,29.25,198,1466.6666666666665,104.23146132940954,3.166331421766525,0.030863964883687325
COSMOS-Web/COSMOS2025 F150W,catalog_available,z3.00,3.0,2.75,3.25,0.54,26.0,False,53,29.25,29.375,29.5,148,1096.2962962962963,90.1150004488625,3.0399279468999514,0.0356987865085997
COSMOS-Web/COSMOS2025 F150W,catalog_available,z3.00,3.0,2.75,3.25,0.54,26.0,False,54,29.5,29.625,29.75,74,548.1481481481482,63.720927904019455,2.73889795123597,0.05048570804072337
COSMOS-Web/COSMOS2025 F150W,catalog_available,z3.00,3.0,2.75,3.25,0.54,26.0,False,55,29.75,29.875,30.0,52,385.18518518518516,53.415574451318356,2.585669575139793,0.060225808582816995
COSMOS-Web/COSMOS2025 F150W,catalog_available,z4.00,4.0,3.75,4.25,0.54,26.0,True,0,16.0,16.125,16.25,0,0.0,0.0,nan,nan
COSMOS-Web/COSMOS2025 F150W,catalog_available,z4.00,4.0,3.75,4.25,0.54,26.0,True,1,16.25,16.375,16.5,0,0.0,0.0,nan,nan
COSMOS-Web/COSMOS2025 F150W,catalog_available,z4.00,4.0,3.75,4.25,0.54,26.0,True,2,16.5,16.625,16.75,0,0.0,0.0,nan,nan
COSMOS-Web/COSMOS2025 F150W,catalog_available,z4.00,4.0,3.75,4.25,0.54,26.0,True,3,16.75,16.875,17.0,0,0.0,0.0,nan,nan
COSMOS-Web/COSMOS2025 F150W,catalog_available,z4.00,4.0,3.75,4.25,0.54,26.0,True,4,17.0,17.125,17.25,0,0.0,0.0,nan,nan
COSMOS-Web/COSMOS2025 F150W,catalog_available,z4.00,4.0,3.75,4.25,0.54,26.0,True,5,17.25,17.375,17.5,0,0.0,0.0,nan,nan
COSMOS-Web/COSMOS2025 F150W,catalog_available,z4.00,4.0,3.75,4.25,0.54,26.0,True,6,17.5,17.625,17.75,0,0.0,0.0,nan,nan
COSMOS-Web/COSMOS2025 F150W,catalog_available,z4.00,4.0,3.75,4.25,0.54,26.0,True,7,17.75,17.875,18.0,0,0.0,0.0,nan,nan
COSMOS-Web/COSMOS2025 F150W,catalog_available,z4.00,4.0,3.75,4.25,0.54,26.0,True,8,18.0,18.125,18.25,0,0.0,0.0,nan,nan
COSMOS-Web/COSMOS2025 F150W,catalog_available,z4.00,4.0,3.75,4.25,0.54,26.0,True,9,18.25,18.375,18.5,0,0.0,0.0,nan,nan
COSMOS-Web/COSMOS2025 F150W,catalog_available,z4.00,4.0,3.75,4.25,0.54,26.0,True,10,18.5,18.625,18.75,0,0.0,0.0,nan,nan
COSMOS-Web/COSMOS2025 F150W,catalog_available,z4.00,4.0,3.75,4.25,0.54,26.0,True,11,18.75,18.875,19.0,0,0.0,0.0,nan,nan
COSMOS-Web/COSMOS2025 F150W,catalog_available,z4.00,4.0,3.75,4.25,0.54,26.0,True,12,19.0,19.125,19.25,0,0.0,0.0,nan,nan
COSMOS-Web/COSMOS2025 F150W,catalog_available,z4.00,4.0,3.75,4.25,0.54,26.0,True,13,19.25,19.375,19.5,0,0.0,0.0,nan,nan
COSMOS-Web/COSMOS2025 F150W,catalog_available,z4.00,4.0,3.75,4.25,0.54,26.0,True,14,19.5,19.625,19.75,0,0.0,0.0,nan,nan
COSMOS-Web/COSMOS2025 F150W,catalog_available,z4.00,4.0,3.75,4.25,0.54,26.0,True,15,19.75,19.875,20.0,0,0.0,0.0,nan,nan
COSMOS-Web/COSMOS2025 F150W,catalog_available,z4.00,4.0,3.75,4.25,0.54,26.0,True,16,20.0,20.125,20.25,0,0.0,0.0,nan,nan
COSMOS-Web/COSMOS2025 F150W,catalog_available,z4.00,4.0,3.75,4.25,0.54,26.0,True,17,20.25,20.375,20.5,0,0.0,0.0,nan,nan
COSMOS-Web/COSMOS2025 F150W,catalog_available,z4.00,4.0,3.75,4.25,0.54,26.0,True,18,20.5,20.625,20.75,0,0.0,0.0,nan,nan
COSMOS-Web/COSMOS2025 F150W,catalog_available,z4.00,4.0,3.75,4.25,0.54,26.0,True,19,20.75,20.875,21.0,0,0.0,0.0,nan,nan
COSMOS-Web/COSMOS2025 F150W,catalog_available,z4.00,4.0,3.75,4.25,0.54,26.0,True,20,21.0,21.125,21.25,0,0.0,0.0,nan,nan
COSMOS-Web/COSMOS2025 F150W,catalog_available,z4.00,4.0,3.75,4.25,0.54,26.0,True,21,21.25,21.375,21.5,0,0.0,0.0,nan,nan
COSMOS-Web/COSMOS2025 F150W,catalog_available,z4.00,4.0,3.75,4.25,0.54,26.0,True,22,21.5,21.625,21.75,0,0.0,0.0,nan,nan
COSMOS-Web/COSMOS2025 F150W,catalog_available,z4.00,4.0,3.75,4.25,0.54,26.0,True,23,21.75,21.875,22.0,0,0.0,0.0,nan,nan
COSMOS-Web/COSMOS2025 F150W,catalog_available,z4.00,4.0,3.75,4.25,0.54,26.0,True,24,22.0,22.125,22.25,1,7.4074074074074066,7.4074074074074066,0.8696662315049938,0.43429448190325176
COSMOS-Web/COSMOS2025 F150W,catalog_available,z4.00,4.0,3.75,4.25,0.54,26.0,True,25,22.25,22.375,22.5,1,7.4074074074074066,7.4074074074074066,0.8696662315049938,0.43429448190325176
COSMOS-Web/COSMOS2025 F150W,catalog_available,z4.00,4.0,3.75,4.25,0.54,26.0,True,26,22.5,22.625,22.75,0,0.0,0.0,nan,nan
COSMOS-Web/COSMOS2025 F150W,catalog_available,z4.00,4.0,3.75,4.25,0.54,26.0,True,27,22.75,22.875,23.0,1,7.4074074074074066,7.4074074074074066,0.8696662315049938,0.43429448190325176
COSMOS-Web/COSMOS2025 F150W,catalog_available,z4.00,4.0,3.75,4.25,0.54,26.0,True,28,23.0,23.125,23.25,3,22.22222222222222,12.830005981991683,1.3467874862246563,0.2507400360344115
COSMOS-Web/COSMOS2025 F150W,catalog_available,z4.00,4.0,3.75,4.25,0.54,26.0,True,29,23.25,23.375,23.5,15,111.1111111111111,28.688765527462348,2.0457574905606752,0.11213435305073818
COSMOS-Web/COSMOS2025 F150W,catalog_available,z4.00,4.0,3.75,4.25,0.54,26.0,True,30,23.5,23.625,23.75,25,185.18518518518516,37.03703703703704,2.2676062401770314,0.08685889638065036
COSMOS-Web/COSMOS2025 F150W,catalog_available,z4.00,4.0,3.75,4.25,0.54,26.0,True,31,23.75,23.875,24.0,46,340.7407407407407,50.239481356483466,2.5324240631865678,0.06403322795909303
COSMOS-Web/COSMOS2025 F150W,catalog_available,z4.00,4.0,3.75,4.25,0.54,26.0,True,32,24.0,24.125,24.25,70,518.5185185185185,61.97481678030189,2.714764271519251,0.05190811896468247
COSMOS-Web/COSMOS2025 F150W,catalog_available,z4.00,4.0,3.75,4.25,0.54,26.0,True,33,24.25,24.375,24.5,115,851.8518518518518,79.43559477602672,2.9303640718586057,0.04049816925670182
COSMOS-Web/COSMOS2025 F150W,catalog_available,z4.00,4.0,3.75,4.25,0.54,26.0,True,34,24.5,24.625,24.75,200,1481.4814814814813,104.75656017578481,3.170696227168975,0.03070925731856877
COSMOS-Web/COSMOS2025 F150W,catalog_available,z4.00,4.0,3.75,4.25,0.54,26.0,True,35,24.75,24.875,25.0,318,2355.555555555555,132.09299629723708,3.3720933514894265,0.024354025212717484
COSMOS-Web/COSMOS2025 F150W,catalog_available,z4.00,4.0,3.75,4.25,0.54,26.0,True,36,25.0,25.125,25.25,397,2940.7407407407404,147.5915470012687,3.468456738268109,0.021796615237176534
COSMOS-Web/COSMOS2025 F150W,catalog_available,z4.00,4.0,3.75,4.25,0.54,26.0,True,37,25.25,25.375,25.5,477,3533.333333333333,161.78021976178928,3.548184610545108,0.019884978318011462
COSMOS-Web/COSMOS2025 F150W,catalog_available,z4.00,4.0,3.75,4.25,0.54,26.0,True,38,25.5,25.625,25.75,634,4696.296296296296,186.5137527705803,3.6717554893867264,0.01724803728657666
COSMOS-Web/COSMOS2025 F150W,catalog_available,z4.00,4.0,3.75,4.25,0.54,26.0,True,39,25.75,25.875,26.0,732,5422.222222222222,200.41110012546196,3.7341773125633857,0.016051985944053975
COSMOS-Web/COSMOS2025 F150W,catalog_available,z4.00,4.0,3.75,4.25,0.54,26.0,False,40,26.0,26.125,26.25,894,6622.222222222222,221.48024278112672,3.8210037503009113,0.014524980295535617
COSMOS-Web/COSMOS2025 F150W,catalog_available,z4.00,4.0,3.75,4.25,0.54,26.0,False,41,26.25,26.375,26.5,973,7207.407407407407,231.0588734886255,3.857779071773346,0.013922841887328232
COSMOS-Web/COSMOS2025 F150W,catalog_available,z4.00,4.0,3.75,4.25,0.54,26.0,False,42,26.5,26.625,26.75,1109,8214.814814814814,246.67890081995128,3.914597777654154,0.013041229515589442
COSMOS-Web/COSMOS2025 F150W,catalog_available,z4.00,4.0,3.75,4.25,0.54,26.0,False,43,26.75,26.875,27.0,1121,8303.703703703703,248.00991174493637,3.919271844099967,0.012971240300890882
COSMOS-Web/COSMOS2025 F150W,catalog_available,z4.00,4.0,3.75,4.25,0.54,26.0,False,44,27.0,27.125,27.25,1047,7755.555555555555,239.6842916646435,3.889612913183836,0.013421806410022897
COSMOS-Web/COSMOS2025 F150W,catalog_available,z4.00,4.0,3.75,4.25,0.54,26.0,False,45,27.25,27.375,27.5,996,7377.777777777777,233.7738346379185,3.8679255699286927,0.013761147252552734
COSMOS-Web/COSMOS2025 F150W,catalog_available,z4.00,4.0,3.75,4.25,0.54,26.0,False,46,27.5,27.625,27.75,885,6555.555555555555,220.3625893428669,3.8166095022028195,0.014598649307214826
COSMOS-Web/COSMOS2025 F150W,catalog_available,z4.00,4.0,3.75,4.25,0.54,26.0,False,47,27.75,27.875,28.0,787,5829.62962962963,207.8038539126746,3.765640963864058,0.015480926372030553
COSMOS-Web/COSMOS2025 F150W,catalog_available,z4.00,4.0,3.75,4.25,0.54,26.0,False,48,28.0,28.125,28.25,742,5496.296296296296,201.7753847685368,3.740070136784021,0.015943452002020127
COSMOS-Web/COSMOS2025 F150W,catalog_available,z4.00,4.0,3.75,4.25,0.54,26.0,False,49,28.25,28.375,28.5,574,4251.851851851851,177.4688674179398,3.6285781239029675,0.01812710144067281
COSMOS-Web/COSMOS2025 F150W,catalog_available,z4.00,4.0,3.75,4.25,0.54,26.0,False,50,28.5,28.625,28.75,437,3237.037037037037,154.84848118790276,3.510147668475416,0.020775122478228294
COSMOS-Web/COSMOS2025 F150W,catalog_available,z4.00,4.0,3.75,4.25,0.54,26.0,False,51,28.75,28.875,29.0,328,2429.6296296296296,134.1538538983321,3.385540075216673,0.023979901201230464
COSMOS-Web/COSMOS2025 F150W,catalog_available,z4.00,4.0,3.75,4.25,0.54,26.0,False,52,29.0,29.125,29.25,229,1696.296296296296,112.09441444756708,3.229501713844882,0.028698987171667516
COSMOS-Web/COSMOS2025 F150W,catalog_available,z4.00,4.0,3.75,4.25,0.54,26.0,False,53,29.25,29.375,29.5,138,1022.2222222222222,87.01733425533874,3.0095453179062304,0.03696960139926302
COSMOS-Web/COSMOS2025 F150W,catalog_available,z4.00,4.0,3.75,4.25,0.54,26.0,False,54,29.5,29.625,29.75,106,785.1851851851851,76.26392697027407,2.894972096769764,0.04218240903724012
COSMOS-Web/COSMOS2025 F150W,catalog_available,z4.00,4.0,3.75,4.25,0.54,26.0,False,55,29.75,29.875,30.0,78,577.7777777777777,65.42045086168775,2.7617608341954742,0.04917416679147778
COSMOS-Web/COSMOS2025 F150W,catalog_available,z5.00,5.0,4.75,5.25,0.54,26.0,True,0,16.0,16.125,16.25,0,0.0,0.0,nan,nan
COSMOS-Web/COSMOS2025 F150W,catalog_available,z5.00,5.0,4.75,5.25,0.54,26.0,True,1,16.25,16.375,16.5,0,0.0,0.0,nan,nan
COSMOS-Web/COSMOS2025 F150W,catalog_available,z5.00,5.0,4.75,5.25,0.54,26.0,True,2,16.5,16.625,16.75,0,0.0,0.0,nan,nan
COSMOS-Web/COSMOS2025 F150W,catalog_available,z5.00,5.0,4.75,5.25,0.54,26.0,True,3,16.75,16.875,17.0,0,0.0,0.0,nan,nan
COSMOS-Web/COSMOS2025 F150W,catalog_available,z5.00,5.0,4.75,5.25,0.54,26.0,True,4,17.0,17.125,17.25,0,0.0,0.0,nan,nan
COSMOS-Web/COSMOS2025 F150W,catalog_available,z5.00,5.0,4.75,5.25,0.54,26.0,True,5,17.25,17.375,17.5,0,0.0,0.0,nan,nan
COSMOS-Web/COSMOS2025 F150W,catalog_available,z5.00,5.0,4.75,5.25,0.54,26.0,True,6,17.5,17.625,17.75,0,0.0,0.0,nan,nan
COSMOS-Web/COSMOS2025 F150W,catalog_available,z5.00,5.0,4.75,5.25,0.54,26.0,True,7,17.75,17.875,18.0,0,0.0,0.0,nan,nan
COSMOS-Web/COSMOS2025 F150W,catalog_available,z5.00,5.0,4.75,5.25,0.54,26.0,True,8,18.0,18.125,18.25,0,0.0,0.0,nan,nan
COSMOS-Web/COSMOS2025 F150W,catalog_available,z5.00,5.0,4.75,5.25,0.54,26.0,True,9,18.25,18.375,18.5,0,0.0,0.0,nan,nan
COSMOS-Web/COSMOS2025 F150W,catalog_available,z5.00,5.0,4.75,5.25,0.54,26.0,True,10,18.5,18.625,18.75,0,0.0,0.0,nan,nan
COSMOS-Web/COSMOS2025 F150W,catalog_available,z5.00,5.0,4.75,5.25,0.54,26.0,True,11,18.75,18.875,19.0,0,0.0,0.0,nan,nan
COSMOS-Web/COSMOS2025 F150W,catalog_available,z5.00,5.0,4.75,5.25,0.54,26.0,True,12,19.0,19.125,19.25,0,0.0,0.0,nan,nan
COSMOS-Web/COSMOS2025 F150W,catalog_available,z5.00,5.0,4.75,5.25,0.54,26.0,True,13,19.25,19.375,19.5,0,0.0,0.0,nan,nan
COSMOS-Web/COSMOS2025 F150W,catalog_available,z5.00,5.0,4.75,5.25,0.54,26.0,True,14,19.5,19.625,19.75,0,0.0,0.0,nan,nan
COSMOS-Web/COSMOS2025 F150W,catalog_available,z5.00,5.0,4.75,5.25,0.54,26.0,True,15,19.75,19.875,20.0,0,0.0,0.0,nan,nan
COSMOS-Web/COSMOS2025 F150W,catalog_available,z5.00,5.0,4.75,5.25,0.54,26.0,True,16,20.0,20.125,20.25,0,0.0,0.0,nan,nan
COSMOS-Web/COSMOS2025 F150W,catalog_available,z5.00,5.0,4.75,5.25,0.54,26.0,True,17,20.25,20.375,20.5,0,0.0,0.0,nan,nan
COSMOS-Web/COSMOS2025 F150W,catalog_available,z5.00,5.0,4.75,5.25,0.54,26.0,True,18,20.5,20.625,20.75,0,0.0,0.0,nan,nan
COSMOS-Web/COSMOS2025 F150W,catalog_available,z5.00,5.0,4.75,5.25,0.54,26.0,True,19,20.75,20.875,21.0,0,0.0,0.0,nan,nan
COSMOS-Web/COSMOS2025 F150W,catalog_available,z5.00,5.0,4.75,5.25,0.54,26.0,True,20,21.0,21.125,21.25,0,0.0,0.0,nan,nan
COSMOS-Web/COSMOS2025 F150W,catalog_available,z5.00,5.0,4.75,5.25,0.54,26.0,True,21,21.25,21.375,21.5,0,0.0,0.0,nan,nan
COSMOS-Web/COSMOS2025 F150W,catalog_available,z5.00,5.0,4.75,5.25,0.54,26.0,True,22,21.5,21.625,21.75,0,0.0,0.0,nan,nan
COSMOS-Web/COSMOS2025 F150W,catalog_available,z5.00,5.0,4.75,5.25,0.54,26.0,True,23,21.75,21.875,22.0,0,0.0,0.0,nan,nan
COSMOS-Web/COSMOS2025 F150W,catalog_available,z5.00,5.0,4.75,5.25,0.54,26.0,True,24,22.0,22.125,22.25,0,0.0,0.0,nan,nan
COSMOS-Web/COSMOS2025 F150W,catalog_available,z5.00,5.0,4.75,5.25,0.54,26.0,True,25,22.25,22.375,22.5,0,0.0,0.0,nan,nan
COSMOS-Web/COSMOS2025 F150W,catalog_available,z5.00,5.0,4.75,5.25,0.54,26.0,True,26,22.5,22.625,22.75,1,7.4074074074074066,7.4074074074074066,0.8696662315049938,0.43429448190325176
COSMOS-Web/COSMOS2025 F150W,catalog_available,z5.00,5.0,4.75,5.25,0.54,26.0,True,27,22.75,22.875,23.0,2,14.814814814814813,10.475656017578482,1.170696227168975,0.3070925731856877
COSMOS-Web/COSMOS2025 F150W,catalog_available,z5.00,5.0,4.75,5.25,0.54,26.0,True,28,23.0,23.125,23.25,0,0.0,0.0,nan,nan
COSMOS-Web/COSMOS2025 F150W,catalog_available,z5.00,5.0,4.75,5.25,0.54,26.0,True,29,23.25,23.375,23.5,1,7.4074074074074066,7.4074074074074066,0.8696662315049938,0.43429448190325176
COSMOS-Web/COSMOS2025 F150W,catalog_available,z5.00,5.0,4.75,5.25,0.54,26.0,True,30,23.5,23.625,23.75,1,7.4074074074074066,7.4074074074074066,0.8696662315049938,0.43429448190325176
COSMOS-Web/COSMOS2025 F150W,catalog_available,z5.00,5.0,4.75,5.25,0.54,26.0,True,31,23.75,23.875,24.0,10,74.07407407407408,23.424278964210217,1.869666231504994,0.13733597380570536
COSMOS-Web/COSMOS2025 F150W,catalog_available,z5.00,5.0,4.75,5.25,0.54,26.0,True,32,24.0,24.125,24.25,15,111.1111111111111,28.688765527462348,2.0457574905606752,0.11213435305073818
COSMOS-Web/COSMOS2025 F150W,catalog_available,z5.00,5.0,4.75,5.25,0.54,26.0,True,33,24.25,24.375,24.5,27,200.0,38.49001794597505,2.3010299956639813,0.08358001201147049
COSMOS-Web/COSMOS2025 F150W,catalog_available,z5.00,5.0,4.75,5.25,0.54,26.0,True,34,24.5,24.625,24.75,40,296.2962962962963,46.84855792842043,2.4717262228329564,0.06866798690285268
COSMOS-Web/COSMOS2025 F150W,catalog_available,z5.00,5.0,4.75,5.25,0.54,26.0,True,35,24.75,24.875,25.0,81,600.0,66.66666666666666,2.7781512503836434,0.04825494243369464
COSMOS-Web/COSMOS2025 F150W,catalog_available,z5.00,5.0,4.75,5.25,0.54,26.0,True,36,25.0,25.125,25.25,119,881.4814814814814,80.8052749232275,2.9452131928975245,0.03981170988283566
COSMOS-Web/COSMOS2025 F150W,catalog_available,z5.00,5.0,4.75,5.25,0.54,26.0,True,37,25.25,25.375,25.5,169,1251.8518518518517,96.29629629629629,3.0975529361186673,0.03340726783871168
COSMOS-Web/COSMOS2025 F150W,catalog_available,z5.00,5.0,4.75,5.25,0.54,26.0,True,38,25.5,25.625,25.75,257,1903.7037037037035,118.74977438430665,3.2795993548362885,0.027090545467776915
COSMOS-Web/COSMOS2025 F150W,catalog_available,z5.00,5.0,4.75,5.25,0.54,26.0,True,39,25.75,25.875,26.0,302,2237.037037037037,128.72701627394642,3.3496731744621444,0.024990839183285027
COSMOS-Web/COSMOS2025 F150W,catalog_available,z5.00,5.0,4.75,5.25,0.54,26.0,False,40,26.0,26.125,26.25,380,2814.814814814815,144.39695325642907,3.449449828121804,0.0222788368431387
COSMOS-Web/COSMOS2025 F150W,catalog_available,z5.00,5.0,4.75,5.25,0.54,26.0,False,41,26.25,26.375,26.5,425,3148.148148148148,152.70761576361704,3.4980551615553055,0.021066376723647112
COSMOS-Web/COSMOS2025 F150W,catalog_available,z5.00,5.0,4.75,5.25,0.54,26.0,False,42,26.5,26.625,26.75,465,3444.4444444444443,159.73228631739127,3.537119184394948,0.020139924347254833
COSMOS-Web/COSMOS2025 F150W,catalog_available,z5.00,5.0,4.75,5.25,0.54,26.0,False,43,26.75,26.875,27.0,409,3029.6296296296296,149.80554382338283,3.4813895395123358,0.021474480050211433
COSMOS-Web/COSMOS2025 F150W,catalog_available,z5.00,5.0,4.75,5.25,0.54,26.0,False,44,27.0,27.125,27.25,415,3074.074074074074,150.90036138861748,3.4877143282170864,0.021318677653537874
COSMOS-Web/COSMOS2025 F150W,catalog_available,z5.00,5.0,4.75,5.25,0.54,26.0,False,45,27.25,27.375,27.5,443,3281.4814814814813,155.90789022110508,3.5160699577280634,0.020633953532974095
COSMOS-Web/COSMOS2025 F150W,catalog_available,z5.00,5.0,4.75,5.25,0.54,26.0,False,46,27.5,27.625,27.75,377,2792.5925925925926,143.8258358440563,3.446007581710787,0.02236730378354519
COSMOS-Web/COSMOS2025 F150W,catalog_available,z5.00,5.0,4.75,5.25,0.54,26.0,False,47,27.75,27.875,28.0,392,2903.7037037037035,146.65918424609873,3.462952298525451,0.021935183798977693
COSMOS-Web/COSMOS2025 F150W,catalog_available,z5.00,5.0,4.75,5.25,0.54,26.0,False,48,28.0,28.125,28.25,352,2607.4074074074074,138.97528177254605,3.416208894983125,0.02314797366276549
COSMOS-Web/COSMOS2025 F150W,catalog_available,z5.00,5.0,4.75,5.25,0.54,26.0,False,49,28.25,28.375,28.5,226,1674.074074074074,111.35775095091043,3.2237746706523946,0.028888839212139354
COSMOS-Web/COSMOS2025 F150W,catalog_available,z5.00,5.0,4.75,5.25,0.54,26.0,False,50,28.5,28.625,28.75,158,1170.3703703703702,93.1096673331595,3.0683233184594165,0.03455061385554568
COSMOS-Web/COSMOS2025 F150W,catalog_available,z5.00,5.0,4.75,5.25,0.54,26.0,False,51,28.75,28.875,29.0,95,703.7037037037037,72.19847662821454,2.8473898367938415,0.0445576736862774
COSMOS-Web/COSMOS2025 F150W,catalog_available,z5.00,5.0,4.75,5.25,0.54,26.0,False,52,29.0,29.125,29.25,61,451.85185185185185,57.85370130301225,2.654996066515761,0.055605710434965906
COSMOS-Web/COSMOS2025 F150W,catalog_available,z5.00,5.0,4.75,5.25,0.54,26.0,False,53,29.25,29.375,29.5,30,222.2222222222222,40.57204129667897,2.3467874862246565,0.07929096144614338
COSMOS-Web/COSMOS2025 F150W,catalog_available,z5.00,5.0,4.75,5.25,0.54,26.0,False,54,29.5,29.625,29.75,25,185.18518518518516,37.03703703703704,2.2676062401770314,0.08685889638065036
COSMOS-Web/COSMOS2025 F150W,catalog_available,z5.00,5.0,4.75,5.25,0.54,26.0,False,55,29.75,29.875,30.0,17,125.92592592592592,30.54152315272341,2.100115152883268,0.10533188361823556
COSMOS-Web/COSMOS2025 F150W,catalog_available,z6.00,6.0,5.75,6.25,0.54,26.0,True,0,16.0,16.125,16.25,0,0.0,0.0,nan,nan
COSMOS-Web/COSMOS2025 F150W,catalog_available,z6.00,6.0,5.75,6.25,0.54,26.0,True,1,16.25,16.375,16.5,0,0.0,0.0,nan,nan
COSMOS-Web/COSMOS2025 F150W,catalog_available,z6.00,6.0,5.75,6.25,0.54,26.0,True,2,16.5,16.625,16.75,0,0.0,0.0,nan,nan
COSMOS-Web/COSMOS2025 F150W,catalog_available,z6.00,6.0,5.75,6.25,0.54,26.0,True,3,16.75,16.875,17.0,0,0.0,0.0,nan,nan
COSMOS-Web/COSMOS2025 F150W,catalog_available,z6.00,6.0,5.75,6.25,0.54,26.0,True,4,17.0,17.125,17.25,0,0.0,0.0,nan,nan
COSMOS-Web/COSMOS2025 F150W,catalog_available,z6.00,6.0,5.75,6.25,0.54,26.0,True,5,17.25,17.375,17.5,0,0.0,0.0,nan,nan
COSMOS-Web/COSMOS2025 F150W,catalog_available,z6.00,6.0,5.75,6.25,0.54,26.0,True,6,17.5,17.625,17.75,0,0.0,0.0,nan,nan
COSMOS-Web/COSMOS2025 F150W,catalog_available,z6.00,6.0,5.75,6.25,0.54,26.0,True,7,17.75,17.875,18.0,0,0.0,0.0,nan,nan
COSMOS-Web/COSMOS2025 F150W,catalog_available,z6.00,6.0,5.75,6.25,0.54,26.0,True,8,18.0,18.125,18.25,0,0.0,0.0,nan,nan
COSMOS-Web/COSMOS2025 F150W,catalog_available,z6.00,6.0,5.75,6.25,0.54,26.0,True,9,18.25,18.375,18.5,0,0.0,0.0,nan,nan
COSMOS-Web/COSMOS2025 F150W,catalog_available,z6.00,6.0,5.75,6.25,0.54,26.0,True,10,18.5,18.625,18.75,0,0.0,0.0,nan,nan
COSMOS-Web/COSMOS2025 F150W,catalog_available,z6.00,6.0,5.75,6.25,0.54,26.0,True,11,18.75,18.875,19.0,0,0.0,0.0,nan,nan
COSMOS-Web/COSMOS2025 F150W,catalog_available,z6.00,6.0,5.75,6.25,0.54,26.0,True,12,19.0,19.125,19.25,0,0.0,0.0,nan,nan
COSMOS-Web/COSMOS2025 F150W,catalog_available,z6.00,6.0,5.75,6.25,0.54,26.0,True,13,19.25,19.375,19.5,0,0.0,0.0,nan,nan
COSMOS-Web/COSMOS2025 F150W,catalog_available,z6.00,6.0,5.75,6.25,0.54,26.0,True,14,19.5,19.625,19.75,0,0.0,0.0,nan,nan
COSMOS-Web/COSMOS2025 F150W,catalog_available,z6.00,6.0,5.75,6.25,0.54,26.0,True,15,19.75,19.875,20.0,0,0.0,0.0,nan,nan
COSMOS-Web/COSMOS2025 F150W,catalog_available,z6.00,6.0,5.75,6.25,0.54,26.0,True,16,20.0,20.125,20.25,0,0.0,0.0,nan,nan
COSMOS-Web/COSMOS2025 F150W,catalog_available,z6.00,6.0,5.75,6.25,0.54,26.0,True,17,20.25,20.375,20.5,0,0.0,0.0,nan,nan
COSMOS-Web/COSMOS2025 F150W,catalog_available,z6.00,6.0,5.75,6.25,0.54,26.0,True,18,20.5,20.625,20.75,0,0.0,0.0,nan,nan
COSMOS-Web/COSMOS2025 F150W,catalog_available,z6.00,6.0,5.75,6.25,0.54,26.0,True,19,20.75,20.875,21.0,0,0.0,0.0,nan,nan
COSMOS-Web/COSMOS2025 F150W,catalog_available,z6.00,6.0,5.75,6.25,0.54,26.0,True,20,21.0,21.125,21.25,0,0.0,0.0,nan,nan
COSMOS-Web/COSMOS2025 F150W,catalog_available,z6.00,6.0,5.75,6.25,0.54,26.0,True,21,21.25,21.375,21.5,0,0.0,0.0,nan,nan
COSMOS-Web/COSMOS2025 F150W,catalog_available,z6.00,6.0,5.75,6.25,0.54,26.0,True,22,21.5,21.625,21.75,0,0.0,0.0,nan,nan
COSMOS-Web/COSMOS2025 F150W,catalog_available,z6.00,6.0,5.75,6.25,0.54,26.0,True,23,21.75,21.875,22.0,0,0.0,0.0,nan,nan
COSMOS-Web/COSMOS2025 F150W,catalog_available,z6.00,6.0,5.75,6.25,0.54,26.0,True,24,22.0,22.125,22.25,0,0.0,0.0,nan,nan
COSMOS-Web/COSMOS2025 F150W,catalog_available,z6.00,6.0,5.75,6.25,0.54,26.0,True,25,22.25,22.375,22.5,0,0.0,0.0,nan,nan
COSMOS-Web/COSMOS2025 F150W,catalog_available,z6.00,6.0,5.75,6.25,0.54,26.0,True,26,22.5,22.625,22.75,0,0.0,0.0,nan,nan
COSMOS-Web/COSMOS2025 F150W,catalog_available,z6.00,6.0,5.75,6.25,0.54,26.0,True,27,22.75,22.875,23.0,0,0.0,0.0,nan,nan
COSMOS-Web/COSMOS2025 F150W,catalog_available,z6.00,6.0,5.75,6.25,0.54,26.0,True,28,23.0,23.125,23.25,0,0.0,0.0,nan,nan
COSMOS-Web/COSMOS2025 F150W,catalog_available,z6.00,6.0,5.75,6.25,0.54,26.0,True,29,23.25,23.375,23.5,1,7.4074074074074066,7.4074074074074066,0.8696662315049938,0.43429448190325176
COSMOS-Web/COSMOS2025 F150W,catalog_available,z6.00,6.0,5.75,6.25,0.54,26.0,True,30,23.5,23.625,23.75,1,7.4074074074074066,7.4074074074074066,0.8696662315049938,0.43429448190325176
COSMOS-Web/COSMOS2025 F150W,catalog_available,z6.00,6.0,5.75,6.25,0.54,26.0,True,31,23.75,23.875,24.0,2,14.814814814814813,10.475656017578482,1.170696227168975,0.3070925731856877
COSMOS-Web/COSMOS2025 F150W,catalog_available,z6.00,6.0,5.75,6.25,0.54,26.0,True,32,24.0,24.125,24.25,6,44.44444444444444,18.144368465060577,1.6478174818886375,0.17729997979489162
COSMOS-Web/COSMOS2025 F150W,catalog_available,z6.00,6.0,5.75,6.25,0.54,26.0,True,33,24.25,24.375,24.5,12,88.88888888888889,25.660011963983365,1.9488474775526188,0.12537001801720574
COSMOS-Web/COSMOS2025 F150W,catalog_available,z6.00,6.0,5.75,6.25,0.54,26.0,True,34,24.5,24.625,24.75,22,162.96296296296296,34.743820443136514,2.2120889123272,0.09259189465106196
COSMOS-Web/COSMOS2025 F150W,catalog_available,z6.00,6.0,5.75,6.25,0.54,26.0,True,35,24.75,24.875,25.0,22,162.96296296296296,34.743820443136514,2.2120889123272,0.09259189465106196
COSMOS-Web/COSMOS2025 F150W,catalog_available,z6.00,6.0,5.75,6.25,0.54,26.0,True,36,25.0,25.125,25.25,39,288.88888888888886,46.25924443258072,2.460730838531493,0.06954277359490453
COSMOS-Web/COSMOS2025 F150W,catalog_available,z6.00,6.0,5.75,6.25,0.54,26.0,True,37,25.25,25.375,25.5,48,355.55555555555554,51.32002392796673,2.550907468880581,0.06268500900860287
COSMOS-Web/COSMOS2025 F150W,catalog_available,z6.00,6.0,5.75,6.25,0.54,26.0,True,38,25.5,25.625,25.75,78,577.7777777777777,65.42045086168775,2.7617608341954742,0.04917416679147778
COSMOS-Web/COSMOS2025 F150W,catalog_available,z6.00,6.0,5.75,6.25,0.54,26.0,True,39,25.75,25.875,26.0,134,992.5925925925925,85.74694002066833,2.9967710298698016,0.03751732903204346
COSMOS-Web/COSMOS2025 F150W,catalog_available,z6.00,6.0,5.75,6.25,0.54,26.0,False,40,26.0,26.125,26.25,163,1207.4074074074074,94.57144692447187,3.0818538359089516,0.03401656913228277
COSMOS-Web/COSMOS2025 F150W,catalog_available,z6.00,6.0,5.75,6.25,0.54,26.0,False,41,26.25,26.375,26.5,205,1518.5185185185185,106.05793380204706,3.181420092560748,0.030332442344678388
COSMOS-Web/COSMOS2025 F150W,catalog_available,z6.00,6.0,5.75,6.25,0.54,26.0,False,42,26.5,26.625,26.75,236,1748.148148148148,113.79475182027566,3.2425782344751006,0.028270162821982733
COSMOS-Web/COSMOS2025 F150W,catalog_available,z6.00,6.0,5.75,6.25,0.54,26.0,False,43,26.75,26.875,27.0,245,1814.8148148148148,115.9442654999891,3.2588323158695265,0.027746056679677805
COSMOS-Web/COSMOS2025 F150W,catalog_available,z6.00,6.0,5.75,6.25,0.54,26.0,False,44,27.0,27.125,27.25,257,1903.7037037037035,118.74977438430665,3.2795993548362885,0.027090545467776915
COSMOS-Web/COSMOS2025 F150W,catalog_available,z6.00,6.0,5.75,6.25,0.54,26.0,False,45,27.25,27.375,27.5,238,1762.9629629629628,114.2759157077149,3.2462431885615057,0.02815113002878459
COSMOS-Web/COSMOS2025 F150W,catalog_available,z6.00,6.0,5.75,6.25,0.54,26.0,False,46,27.5,27.625,27.75,224,1659.2592592592591,110.86392257107974,3.2199142498391566,0.029017520647293998
COSMOS-Web/COSMOS2025 F150W,catalog_available,z6.00,6.0,5.75,6.25,0.54,26.0,False,47,27.75,27.875,28.0,170,1259.2592592592591,96.58077637337257,3.1001151528832676,0.03330886624694021
COSMOS-Web/COSMOS2025 F150W,catalog_available,z6.00,6.0,5.75,6.25,0.54,26.0,False,48,28.0,28.125,28.25,125,925.9259259259259,82.8173324999922,2.96657624451305,0.03884447935154893
COSMOS-Web/COSMOS2025 F150W,catalog_available,z6.00,6.0,5.75,6.25,0.54,26.0,False,49,28.25,28.375,28.5,76,562.9629629629629,64.57628064504702,2.7504798237857853,0.04981699364088497
COSMOS-Web/COSMOS2025 F150W,catalog_available,z6.00,6.0,5.75,6.25,0.54,26.0,False,50,28.5,28.625,28.75,38,281.48148148148147,45.66232594791834,2.449449828121804,0.07045186804359374
COSMOS-Web/COSMOS2025 F150W,catalog_available,z6.00,6.0,5.75,6.25,0.54,26.0,False,51,28.75,28.875,29.0,28,207.4074074074074,39.196315719475415,2.316824262847213,0.08207394249168896
COSMOS-Web/COSMOS2025 F150W,catalog_available,z6.00,6.0,5.75,6.25,0.54,26.0,False,52,29.0,29.125,29.25,16,118.5185185185185,29.629629629629626,2.0737862141609185,0.10857362047581294
COSMOS-Web/COSMOS2025 F150W,catalog_available,z6.00,6.0,5.75,6.25,0.54,26.0,False,53,29.25,29.375,29.5,14,103.7037037037037,27.715980642769935,2.015794267183232,0.11607008258917599
COSMOS-Web/COSMOS2025 F150W,catalog_available,z6.00,6.0,5.75,6.25,0.54,26.0,False,54,29.5,29.625,29.75,4,29.629629629629626,14.814814814814813,1.4717262228329562,0.21714724095162588
COSMOS-Web/COSMOS2025 F150W,catalog_available,z6.00,6.0,5.75,6.25,0.54,26.0,False,55,29.75,29.875,30.0,4,29.629629629629626,14.814814814814813,1.4717262228329562,0.21714724095162588
